ONS,PV-Leistung an ONS,Installierte Trafoleistung,Übrige Trafokapazität,"Übrige Trafokapazität bei Gleichzeitigkeitsfaktor 0,7",Umspannwerk,X-Koordinate,Y-Koordinate,Breitengrad,Längengrad
01TS0257,154.11975,400.0,245.88025,292.116175,UW_ROMER,514715.05,5445929.34,9.201854977917998,49.16600223525105
01TS0334,154.98975,,,,,514387.05,5445858.83,9.197353117041184,49.16537575338226
01TS0795,144.29475000000002,630.0,485.70525,528.9936749999999,UW_ROMER,514682.96,5445372.5,9.20139446984603,49.16099405833427
01TS0798,181.01475,400.0,218.98525,273.289675,UW_ROMER,514749.37,5445697.78,9.202317276207934,49.16391845925305
01TS0163,166.79,715.0,548.21,598.2470000000001,UW_BOEKI,513126.86,5444023.12,9.180006814639365,49.14889119194192
01TS0372,241.86,400.0,158.14,230.698,UW_BOEKI,512992.26,5443685.37,9.178150180194754,49.14585587770599
01TS0827,185.60500000000002,630.0,444.395,500.0765,UW_BOEKI,512944.63,5443928.31,9.177504885869517,49.14804221214979
01TS0272,38.6775,400.0,361.3225,372.92575,UW_BOEKI,513672.09,5441588.35,9.18740084836327,49.12697768073092
01TS0333,134.12249999999997,315.0,180.87750000000003,221.11425000000003,UW_BOEKI,513444.75,5441815.12,9.184292317518345,49.12902257638727
01TS0397,68.97250000000003,1130.0,1061.0275,1081.71925,UW_BOEKI,513665.79,5441972.62,9.18732751787926,49.13043447045216
01TS0431,33.1475,400.0,366.8525,376.79675,UW_BOEKI,513460.44,5441544.25,9.184498344415204,49.12658565712865
01TS0609,33.1475,400.0,366.8525,376.79675,UW_BOEKI,514015.93,5441828.08,9.19212210491392,49.129126393837076
01TS0623,52.927500000000016,250.0,197.0725,212.95075,UW_BOEKI,513371.41,5442058.89,9.18329510703044,49.13121697715734
01TSXXXX,109.415,,,,,,,,
01TS0785,155.338,400.0,244.662,291.2634,UW_BHOXX,507542.72,5447614.75,9.103499768328032,49.18129311769805
05TS0022,247.33333333333334,630.0,382.66666666666663,456.8666666666667,UW_GROGH,508693.23,5443371.73,9.119195177757106,49.14311047057472
05TS0015,222.53833333333336,400.0,177.46166666666664,244.22316666666666,UW_GROGH,508240.4,5443290.91,9.112984666001454,49.142389706718134
05TS0057,455.92833333333334,400.0,-55.92833333333334,80.85016666666667,UW_GROGH,508419.8,5443179.22,9.11544209234308,49.1413825800908
05TS0061,495.36,630.0,134.64,283.248,UW_GROGH,509428.6,5444028.08,9.129293365137471,49.14900372969364
08TS0032,151.856,630.0,478.144,523.7008000000001,UW_GROGH,514314.78,5436635.94,9.196034468298171,49.08241413855009
01TS0563,198.70000000000005,400.0,201.29999999999995,260.90999999999997,UW_BHOXX,508327.22,5447413.29,9.11426033468728,49.17947077252278
05TS0065,245.01500000000001,400.0,154.98499999999999,228.4895,UW_GROGH,509419.3,5442763.97,9.129136285354468,49.13763273632133
05TS0070,73.47999999999999,630.0,556.52,578.564,UW_GROGH,507103.9,5443719.1,9.097409614759409,49.14625563354022
06TS0009,102.98500000000001,400.0,297.015,327.9105,UW_UGRBH,521035.7,5439125.86,9.288203046003789,49.10461885345658
06TS0027,176.63499999999996,400.0,223.36500000000004,276.3555,UW_UGRBH,520295.11,5437727.76,9.2779863557821,49.09206733021197
07TS0018,255.30999999999997,400.0,144.69000000000003,221.28300000000002,UW_UGRBH,514761.03,5438631.79,9.20221852632535,49.10035710192591
08TS0041,427.66800000000006,630.0,202.33199999999994,330.63239999999996,UW_GROGH,513715.21,5437304.1,9.187846344193542,49.088438180175324
06TS0007,286.075,400.0,113.92500000000001,199.74750000000003,UW_UGRBH,523059.74,5436954.34,9.315809375227248,49.085012753065584
02TS0025,240.35599999999997,630.0,389.644,461.7508,UW_LAUFN,511557.95,5435410.37,9.158246066108537,49.0714475127201
02TS0038,446.51000000000016,630.0,183.48999999999984,317.4429999999999,UW_LAUFN,510483.75,5435175.76,9.143532591546297,49.069356310342215
02TS0050,313.745,1030.0,716.255,810.3785,UW_LAUFN,511187.42,5435234.18,9.15316808912624,49.069869443917014
07TS0013,136.39,400.0,263.61,304.52700000000004,UW_GROGH,515011.17,5439353.83,9.205672132599346,49.10684608429258
01TS0432,257.48,200.0,-57.48000000000002,19.76400000000001,UW_KETER,516185.25,5443789.22,9.22193639708597,49.146714192365216
01TS0248,175.63933333333333,800.0,624.3606666666667,677.0524666666666,UW_BHOXX,513852.31,5446293.4,9.190032869847375,49.1692971457442
01TS0502,180.89733333333334,400.0,219.10266666666666,273.3718666666667,UW_BHOXX,514245.14,5446582.42,9.195432107594973,49.17188797284108
01TS0613,188.4693333333333,400.0,211.5306666666667,268.07146666666665,UW_BHOXX,514206.6,5446373.71,9.194896002563436,49.17001145803527
06TS6013,17.990000000000002,,,,,,,,
03TS0024,301.56500000000005,400.0,98.43499999999995,188.90449999999998,UW_LASTD,514028.07,5432981.85,9.19198145636309,49.04955050999738
01TS0887,43.0,400.0,357.0,369.9,UW_SONHN,515756.0,5441997.0,9.215980390915083,49.130603735534564
01TS0683,99.0,400.0,301.0,330.7,UW_SWPXX,515664.02,5444757.53,9.214826866380955,49.15543796336405
05TS0047,577.652,630.0,52.347999999999956,225.6436,UW_GROGH,507692.23,5443264.55,9.105468181746758,49.142159698337196
07TS0004,158.157,400.0,241.843,289.2901,UW_UGRBH,515423.34,5438633.82,9.211291847235936,49.100359112436045
01TS0723,152.805,630.0,477.195,523.0365,UW_BOEKI,511002.18,5440756.93,9.15078235070012,49.11955233123912
02TS0060,254.85500000000002,630.0,375.145,451.6015,UW_LAUFN,510868.48,5435564.96,9.148810351891443,49.07285067887632
01TS0021,59.327999999999996,800.0,740.672,758.4704,UW_SONHN,513821.24,5440724.01,9.189415594227505,49.11919928240562
01TS0131,142.07966666666664,400.0,257.92033333333336,300.54423333333335,UW_SONHN,513454.15,5440497.43,9.1843772180431,49.11716925225348
01TS0286,77.93466666666667,,,,,,,,
01TS0465,73.68966666666667,250.0,176.31033333333335,198.41723333333334,UW_SONHN,513282.59,5440556.87,9.182028109181843,49.11770766879929
01TS0486,5.616,1260.0,1254.384,1256.0688,UW_BHOXX,511783.11,5447980.82,9.161696121863926,49.184519223026726
01TS0380,181.852,500.0,318.148,372.7036,UW_SONHN,514340.51,5440545.56,9.196525635219636,49.117582162480694
01TS0772,61.44500000000001,630.0,568.555,586.9885,UW_ROMER,512797.68,5444740.35,9.175515628093024,49.15534986537416
07TS0025,178.19500000000005,400.0,221.80499999999995,275.26349999999996,UW_UGRBH,515988.32,5438633.21,9.219031701062368,49.10033919951491
01TS0095,55.43233333333335,500.0,444.56766666666664,461.19736666666665,UW_SONHN,515316.09,5441683.89,9.20993833525931,49.12779832300567
01TS0103,70.75233333333334,500.0,429.24766666666665,450.47336666666666,UW_SONHN,515357.33,5441937.54,9.21051326946311,49.13007896525816
01TS0304,53.59233333333335,500.0,446.40766666666667,462.48536666666666,UW_SONHN,514967.02,5442009.02,9.205165716937588,49.13073158411281
01TS0374,54.83233333333335,400.0,345.16766666666666,361.61736666666667,UW_SONHN,515340.1,5441805.87,9.210272079045254,49.12889497750487
01TS0498,76.59233333333333,400.0,323.40766666666667,346.38536666666664,UW_SONHN,515151.34,5441868.36,9.207687045992344,49.129461780368814
01TS0822,51.83233333333335,630.0,578.1676666666666,593.7173666666666,UW_SONHN,514938.0,5441530.31,9.204750185287871,49.12642612265897
01TS0853,16.835,1600.0,1583.165,1588.2155,UW_KETER,515960.7,5443278.0,9.218837081418688,49.14212147956093
06TS0039,270.157,400.0,129.84300000000002,210.89010000000002,UW_UGRBH,519177.9,5438896.19,9.262739340564817,49.10261362586646
01TS0583,18.5,,,,,510936.26,5449605.42,9.150119305977173,49.19914864876689
01TS0551,245.35499999999996,500.0,254.64500000000004,328.2515000000001,UW_ROMER,513027.67,5445669.09,9.178699897536381,49.163699344190576
01TS0495,149.114,1000.0,850.886,895.6202,UW_BHOXX,513374.32,5447811.47,9.183526080347018,49.18296323654922
07TS0001,270.695,630.0,359.305,440.5135,UW_UGRBH,515618.24,5438801.35,9.213968336269781,49.10186119323172
01TS0440,217.16999999999996,400.0,182.83000000000004,247.98100000000005,UW_SONHN,514722.85,5441555.64,9.20180213995389,49.126659167201716
01TS0312,99.99499999999998,315.0,215.00500000000002,245.00350000000003,UW_BOEKI,511008.74,5440612.56,9.150868314673883,49.118253548030054
02TS0063,754.9050000000003,400.0,-354.9050000000003,-128.4335000000002,UW_LAUFN,510054.95,5434636.8,9.137648534029948,49.064515254445325
05TS5026,20.03,,,,,,,,
01TS0641,201.76,400.0,198.24,258.76800000000003,UW_BHOXX,510010.19,5448975.5,9.13739171988481,49.19349816242
02TS0009,643.287,715.0,71.71299999999997,264.6991,UW_LAUFN,510771.71,5435365.39,9.147480075455103,49.07105715271801
01TS0320,173.962,315.0,141.038,193.22660000000002,UW_SONHN,513902.26,5440466.35,9.190517063206501,49.116879705312215
03TS0006,53.470000000000006,400.0,346.53,362.571,UW_LASTD,513875.2,5432348.81,9.189867680363337,49.04385946366806
01TS0153,205.45749999999998,315.0,109.54250000000002,171.17975,UW_ROMER,513500.18,5443712.27,9.185115655375641,49.14608689708863
01TS0180,380.07750000000016,800.0,419.92249999999984,533.9457499999999,UW_ROMER,513597.64,5444120.21,9.186465797867426,49.1497543047591
08TS0037,349.33399999999995,315.0,-34.333999999999946,70.46620000000004,UW_GROGH,514152.85,5436102.99,9.193798269431127,49.07762376371262
01TS0842,164.335,1600.0,1435.665,1484.9655,UW_BADHN,515318.55,5443840.06,9.210053998453018,49.14719374533366
06TS0048,23.73,,,,UW_UGRBH,520524.7,5438193.1,9.281154697081773,49.09624561559596
01TS0838,96.30999999999999,630.0,533.69,562.583,UW_KETER,516794.69,5443315.16,9.230273368608959,49.14243350783406
01TS0832,299.69999999999993,630.0,330.30000000000007,420.21000000000004,UW_BHOXX,,,,
02TS0089,999.92,,,,UW_LAUFN,,,,
04TS0033,133.79499999999996,630.0,496.20500000000004,536.3435000000001,UW_LAUFN,510723.06,5431462.28,9.146710635213772,49.03594756347674
01TS0178,76.75500000000001,630.0,553.245,576.2715,UW_KETER,,,,
05TS0009,334.2499999999999,400.0,65.75000000000011,166.0250000000001,UW_GROGH,509694.19,5443197.77,9.13291538356209,49.141530652990085
06TS0036,200.23999999999998,1030.0,829.76,889.832,UW_UGRBH,523395.14,5437402.63,9.320428641237276,49.08903261550411
06TS0002,276.47999999999996,630.0,353.52000000000004,436.46400000000006,UW_UGRBH,523192.94,5436950.93,9.317633360306036,49.08497707374932
01TS0636,164.26000000000002,400.0,235.73999999999998,285.01800000000003,UW_BHOXX,509952.6,5449273.35,9.136608666643712,49.19617834584657
05TS0045,392.7070000000001,400.0,7.292999999999893,125.10509999999994,UW_GROGH,507815.61,5443409.78,9.107162658963658,49.143464539382364
01TS0584,356.2779999999999,400.0,43.722000000000094,150.6054000000001,UW_BHOXX,511058.3,5449753.16,9.151798579661774,49.20047542079533
05TS0024,157.13000000000002,630.0,472.87,520.009,UW_GROGH,508048.44,5443561.29,9.11035809571509,49.144824421570654
08TS0022,98.365,400.0,301.635,331.1445,UW_UGRBH,514579.05,5437352.45,9.199679345962693,49.088853249561616
01TS0378,48.61,400.0,351.39,365.973,UW_SONHN,514286.32,5441066.73,9.195801461777444,49.12227154436822
06TS0005,306.63500000000005,400.0,93.36499999999995,185.35549999999998,UW_UGRBH,523706.84,5438205.49,9.324744833674421,49.09624267421775
01TS0561,99.94519999999999,315.0,215.0548,245.03836,UW_SONHN,515198.7,5440920.09,9.208300496650748,49.1209305799286
05TS0021,202.01,250.0,47.99000000000001,108.59300000000002,UW_GROGH,508215.05,5444096.67,9.11265352121602,49.14963815595477
01TS0309,52.455799999999996,400.0,347.5442,363.28094,UW_BHOXX,514941.97,5446142.14,9.20497565342194,49.167910951597825
01TS0288,84.5558,400.0,315.4442,340.81094,UW_BHOXX,514703.96,5446206.14,9.20171296509265,49.16849239975548
01TS0055,75.68079999999999,1000.0,924.3192,947.02344,UW_BHOXX,514418.59,5446221.51,9.19779875646496,49.16863742905842
05TS0025,376.60000000000014,630.0,253.39999999999986,366.37999999999994,UW_GROGH,509071.09,5443054.31,9.124368958548219,49.140249694729
07TS0022,276.11,630.0,353.89,436.723,UW_GROGH,515813.91,5439180.52,9.216663824101,49.105266975624744
01TS0572,303.122,630.0,326.878,417.81460000000004,UW_BHOXX,508047.92,5448011.24,9.110439949993747,49.1848532488013
01TS0042,116.52625000000003,400.0,283.47375,318.431625,UW_SONHN,516163.8,5441613.38,9.221555019698513,49.12714234830904
01TS0183,78.15625000000001,800.0,721.84375,745.290625,UW_SONHN,516103.97,5441385.13,9.22072583083433,49.12509072994269
01TS0271,107.26124999999999,1000.0,892.73875,924.917125,UW_SONHN,516075.81,5441790.6,9.220356026413949,49.12873881219538
01TS0828,82.26125,630.0,547.73875,572.4171249999999,UW_SONHN,516066.81,5441456.08,9.220219334943451,49.12572992286223
03TS0013,336.655,630.0,293.345,394.3415,UW_LASTD,514464.82,5432366.93,9.197936614288833,49.04400890616599
01TS0236,252.985,500.0,247.015,322.9105,UW_BOEKI,513858.96,5442883.63,9.190006751220784,49.13862500349789
01TS0528,227.24999999999997,250.0,22.75000000000003,90.92500000000004,UW_SONHN,512776.01,5440024.55,9.175068986154308,49.11292997762041
02TS0014,29.7,160.0,130.3,139.21,UW_LAUFN,509526.67,5435461.8,9.130436021522854,49.071944928765895
01TS0441,107.79500000000002,630.0,522.2049999999999,554.5435,UW_BADHN,515165.28,5443134.58,9.207925761641608,49.14085152290079
01TS0063,32.14,315.0,282.86,292.502,UW_SONHN,515934.54,5441728.36,9.218417151010469,49.12818262109817
01TS0510,3.416,250.0,246.584,247.6088,UW_SWPXX,515744.05,5445193.06,9.215941473864484,49.159353641864385
02TS0011,236.89000000000004,400.0,163.10999999999996,234.177,UW_LAUFN,509844.68,5434932.01,9.134777205931552,49.06717420956327
03TS3017,19.96,,,,,,,,
03TS0028,468.46,630.0,161.54000000000002,302.07800000000003,UW_LASTD,514062.5,5433191.43,9.192459922889427,49.051434999321145
07TS0019,185.339,630.0,444.661,500.2627,UW_UGRBH,515930.56,5438423.73,9.218232163202284,49.09845634267789
01TS0654,320.8250000000001,400.0,79.1749999999999,175.42249999999996,UW_BOEKI,510984.59,5441249.91,9.150554707758305,49.123987195494855
01TS0587,156.84,630.0,473.15999999999997,520.212,UW_BHOXX,510900.41,5448555.48,9.149598720249429,49.189704781668524
01TS0147,205.075,630.0,424.925,486.4475,UW_ROMER,513469.58,5444406.88,9.184719294812831,49.1523358193354
01TS0546,216.75999999999996,400.0,183.24000000000004,248.26800000000003,UW_ROMER,512413.05,5445609.9,9.17026740033022,49.16317964954086
01TS0640,239.48000000000002,400.0,160.51999999999998,232.364,UW_BHOXX,510058.15,5449168.93,9.13805481982762,49.195237335667
06TS0040,58.864999999999995,630.0,571.135,588.7945,UW_UGRBH,523554.8,5437376.7,9.322613857233671,49.08879327571834
06TS0014,123.72499999999998,400.0,276.27500000000003,313.39250000000004,UW_UGRBH,520733.74,5437078.81,9.283960993579488,49.08621516297902
06TS0041,152.905,630.0,477.095,522.9665,UW_UGRBH,520169.77,5437178.91,9.276242176840713,49.08713434207765
01TS0708,337.5199999999999,630.0,292.4800000000001,393.7360000000001,UW_SONHN,512412.42,5440500.86,9.17010140462915,49.117222022600416
02TS0056,257.18,400.0,142.82,219.97400000000002,UW_LASTD,512318.97,5435790.07,9.16867711493355,49.07484833466975
02TS0057,126.14,400.0,273.86,311.702,UW_LASTD,513385.35,5435365.5,9.183264365866297,49.07100687284925
07TS0007,461.4799999999999,400.0,-61.479999999999905,76.96400000000011,UW_UGRBH,515735.31,5438090.79,9.215544492162318,49.095466439266794
01TS0710,227.01,630.0,402.99,471.093,UW_BHOXX,510713.97,5449281.44,9.147059357007336,49.196238284402774
02TS0048,479.20200000000017,800.0,320.79799999999983,464.5585999999999,UW_LAUFN,510264.1,5434872.38,9.140517686139168,49.066630961118705
01TS0127,197.33800000000005,400.0,202.66199999999995,261.86339999999996,UW_KETER,517292.23,5442139.45,9.23704468171259,49.13184380866051
03TS0004,301.235,1260.0,958.765,1049.1355,UW_LASTD,513820.2,5432655.93,9.189125543567684,49.04662339631741
06TS0003,46.59,630.0,583.41,597.387,UW_UGRBH,519804.86,5437998.17,9.27128463319613,49.09451574335811
02TS0085,137.93,630.0,492.07,533.449,UW_LAUFN,510732.0,5436034.0,9.146954130534919,49.07707230790319
08TS0017,284.632,400.0,115.368,200.7576,UW_GROGH,513848.04,5436812.07,9.189648744441707,49.08400918289938
08TS0020,218.03,315.0,96.97,162.37900000000002,UW_UGRBH,514679.66,5436944.15,9.201042495347721,49.085178025770055
01TS0648,447.829,400.0,-47.82900000000001,86.5197,UW_SONHN,512133.52,5440207.13,9.166270508643322,49.114585372627374
04TS0035,279.88,630.0,350.12,434.084,UW_LAUFN,509842.18,5431029.78,9.1346481575942,49.03207168527358
01TS0075,221.75,630.0,408.25,474.775,UW_KETER,516850.5,5441938.03,9.230981010471197,49.13004424056473
01TS0186,191.3273333333333,400.0,208.6726666666667,266.0708666666667,UW_KETER,518339.16,5442928.11,9.251431905025415,49.138907700093846
01TS0187,142.1033333333333,630.0,487.8966666666667,530.5276666666667,UW_KETER,518848.4,5442470.29,9.25839216039137,49.13477405282281
01TS0886,142.1033333333333,630.0,487.8966666666667,530.5276666666667,UW_KETER,518822.0,5442714.0,9.258041626749744,49.1369671097574
01TS0567,158.055,400.0,241.945,289.3615,UW_BHOXX,507655.35,5447811.0,9.105048989559238,49.18305705310454
06TS0042,114.68600000000002,630.0,515.314,549.7198,UW_UGRBH,520169.77,5437178.91,9.276242176840713,49.08713434207765
01TS0531,230.60000000000005,400.0,169.39999999999995,238.57999999999998,UW_SONHN,512718.76,5440319.26,9.174293783754578,49.11558219768873
08TS8022,45.290000000000006,,,,,,,,
05TS0002,217.46,630.0,412.53999999999996,477.778,UW_GROGH,509328.73,5443250.61,9.127905860488399,49.14201162768714
02TS0083,203.96000000000004,630.0,426.03999999999996,487.22799999999995,UW_LAUFN,510638.46,5434835.41,9.145641764228793,49.06629204493442
01TS0719,143.616,400.0,256.384,299.4688,UW_BHOXX,510419.07,5448999.44,9.143004276716145,49.19370669745794
01TS0684,56.25,250.0,193.75,210.625,UW_BHOXX,507711.36,5448451.95,9.105829869316748,49.18882189535626
02TS0020,49.68000000000001,400.0,350.32,365.224,UW_LASTD,511897.45,5435965.44,9.162910648989136,49.07643415877202
03TS0016,300.0330000000001,800.0,499.9669999999999,589.9769,UW_LASTD,513620.94,5433131.1,9.186414720572483,49.05090222075807
05TS0044,173.27500000000003,630.0,456.72499999999997,508.7075,UW_GROGH,507598.29,5443850.27,9.104191218301393,49.147429638575616
04TS0031,82.5,630.0,547.5,572.25,UW_LASTD,510599.02,5432543.04,9.145041819660776,49.04567171072162
01TS0417,129.3275,400.0,270.6725,309.47075,UW_KETER,516955.04,5443902.24,9.232496627259634,49.147710071969605
01TS0467,185.4675,400.0,214.5325,270.17275,UW_KETER,517419.53,5443987.13,9.238869577495846,49.14846068338565
01TS0253,97.1703333333333,400.0,302.8296666666667,331.9807666666667,UW_BOEKI,514049.26,5443408.02,9.192634035855797,49.143337749533885
01TS0040,161.15416666666667,400.0,238.84583333333333,287.19208333333336,UW_KETER,517931.08,5442357.04,9.245811734874566,49.13378279015152
01TS0087,248.98416666666677,630.0,381.01583333333326,455.71108333333325,UW_KETER,517951.73,5442802.36,9.246114648154522,49.13778798336977
01TS0631,155.66916666666665,400.0,244.33083333333335,291.03158333333334,UW_KETER,518120.53,5442584.31,9.24841903759799,49.1358215983978
01TS0632,132.3891666666667,250.0,117.61083333333329,157.3275833333333,UW_KETER,518163.76,5442384.01,9.24900265811764,49.134018559169
01TS0670,118.31916666666673,400.0,281.6808333333333,317.17658333333327,UW_KETER,517748.03,5442962.72,9.243329049573704,49.13923639149962
01TS0671,186.73916666666668,400.0,213.26083333333332,269.2825833333333,UW_KETER,517644.92,5442273.49,9.241885234563265,49.13303951547963
01TS0783,35.44,400.0,364.56,375.192,UW_BOEKI,513133.85,5442710.64,9.180059887716828,49.137084828050796
01TS0575,55.33,400.0,344.67,361.269,UW_BHOXX,510907.55,5449024.84,9.149709449861204,49.19392668183427
01TS0165,178.995,,,,,,,,
01TS0143,21.6,630.0,608.4,614.88,UW_ROMER,515085.23,5445005.77,9.206898308160525,49.15768545440847
01TS0650,21.6,400.0,378.4,384.88,UW_ROMER,515351.55,5445065.6,9.210553219902266,49.158217041501985
01TS0717,213.728,400.0,186.272,250.3904,UW_BHOXX,,,,
01TS0545,120.53999999999998,400.0,279.46000000000004,315.622,UW_ROMER,512918.72,5445445.0,9.177198251116684,49.16168588618039
01TS0389,189.44259999999997,400.0,210.55740000000003,267.39018,UW_KETER,516753.03,5444602.97,9.229755727212954,49.1540188982389
01TS0606,144.76760000000002,400.0,255.23239999999998,298.66268,UW_KETER,516633.46,5444894.86,9.228127981783915,49.15664778793803
06TS0008,88.375,630.0,541.625,568.1375,UW_UGRBH,519957.08,5437940.89,9.273366870702414,49.09399556992022
02TS0035,200.475,400.0,199.525,259.6675,UW_LAUFN,510556.84,5435450.19,9.144540421453868,49.07182369047416
04TS0037,331.82000000000005,630.0,298.17999999999995,397.726,UW_LAUFN,510824.6,5431258.55,9.148094438829391,49.03411312934555
06TS0001,239.45999999999995,400.0,160.54000000000005,232.37800000000004,UW_UGRBH,524120.37,5438373.7,9.33041946201873,49.09773970182458
05TS0046,288.88499999999993,400.0,111.11500000000007,197.78050000000005,UW_GROGH,507568.67,5443433.26,9.103777222163426,49.143678843541245
01TS0052,224.91186666666667,315.0,90.08813333333333,157.56169333333335,UW_SONHN,515503.61,5440590.39,9.212466635986559,49.117957192267255
01TS0008,94.083,400.0,305.91700000000003,334.1419,UW_KETER,516931.32,5442221.39,9.232100753104273,49.13259093763028
01TS0086,127.2405,400.0,272.7595,310.93165,UW_KETER,517112.11,5442397.7,9.234586550546245,49.13417189608527
01TS0105,85.943,400.0,314.057,339.8399,UW_KETER,517315.03,5442913.93,9.237390490794208,49.13880986762344
01TS0453,82.1105,945.0,862.8895,887.52265,UW_KETER,517216.34,5442901.84,9.236036938389724,49.13870388804001
03TS0026,243.87999999999997,630.0,386.12,459.284,UW_LASTD,514405.1,5432663.43,9.197129953353837,49.04667746829518
06TS0044,100.75499999999998,630.0,529.245,559.4715,UW_UGRBH,520032.08,5437793.33,9.274386873188686,49.092665776196384
02TS0003,46.779999999999994,800.0,753.22,767.254,UW_LASTD,511192.01,5435889.59,9.1532490646845,49.07576508166306
01TS0759,47.18000000000001,630.0,582.8199999999999,596.974,UW_KETER,516939.31,5444260.53,9.232295998061236,49.15093343519308
07TS0024,286.88,630.0,343.12,429.184,UW_UGRBH,515705.52,5438376.04,9.215147517171538,49.098033138746665
07TS0014,471.92999999999995,400.0,-71.92999999999995,69.64900000000006,UW_GROGH,514003.87,5438625.53,9.191845668940829,49.1003184943956
01TS0108,324.3799999999999,,,,,517745.65,5442560.21,9.243278698792603,49.1356157539793
01TS0388,143.5376,315.0,171.4624,214.52368,UW_KETER,517059.98,5444408.22,9.233957038762274,49.152258610823026
01TS0800,145.58259999999999,400.0,254.41740000000001,298.09218,UW_KETER,516603.61,5445238.6,9.227732768068533,49.159740639582964
01TS0846,135.77259999999998,400.0,264.2274,304.95918,UW_KETER,516956.4,5445768.5,9.232593866617034,49.16449759893382
02TS0031,115.171,630.0,514.829,549.3803,UW_LAUFN,510936.51,5435949.49,9.14975220701458,49.07630850192149
01TS0536,147.6,400.0,252.4,296.68,UW_SONHN,512442.0,5440513.93,9.17050717387732,49.117338994425246
01TS0565,167.028,630.0,462.972,513.0804,UW_BHOXX,508837.14,5447938.34,9.121268626862555,49.18418662661152
06TS0023,187.94,630.0,442.06,498.442,UW_UGRBH,519833.47,5437523.77,9.271653239991005,49.09024741792593
04TS0025,212.41500000000005,800.0,587.5849999999999,651.3095,UW_LAUFN,510110.31,5431968.12,9.13833976451197,49.04050821584046
08TS0034,438.2600000000001,400.0,-38.260000000000105,93.21799999999996,UW_UGRBH,514247.22,5437410.93,9.195136585322464,49.08938707418337
01TS0562,266.71500000000003,400.0,133.28499999999997,213.2995,UW_BHOXX,507953.94,5447496.9,9.109140109294948,49.18022782490379
05TS0043,345.83,400.0,54.170000000000016,157.91900000000004,UW_GROGH,507248.56,5443997.55,9.099398218904685,49.148758704457876
01TS0092,74.58833333333335,400.0,325.41166666666663,347.78816666666665,UW_SONHN,514896.21,5440739.52,9.204148186184149,49.11931369085887
01TS0122,48.05333333333333,400.0,351.94666666666666,366.36266666666666,UW_SONHN,514617.05,5440707.79,9.200321255573956,49.11903496913063
01TS0258,53.62833333333333,630.0,576.3716666666667,592.4601666666666,UW_SONHN,514704.6,5440924.29,9.20152897869593,49.12098037928926
01TS0037,24.9138,800.0,775.0862,782.56034,UW_BOEKI,514061.62,5442694.38,9.192778607138312,49.13691802793106
01TS0090,50.698800000000006,400.0,349.3012,364.51084000000003,UW_BOEKI,514033.7,5442574.12,9.192391651706446,49.13583688532418
01TS0158,61.848800000000004,630.0,568.1512,586.70584,UW_BOEKI,513870.63,5442688.31,9.190160024843832,49.136867768113866
01TS0159,37.9638,400.0,362.0362,373.42534,UW_BOEKI,513432.68,5442538.99,9.184150986864065,49.135534313627936
01TS0239,33.8138,400.0,366.1862,376.33034,UW_BOEKI,514144.37,5442358.94,9.193901296639977,49.13389872709636
06TS0038,59.769999999999996,400.0,340.23,358.161,UW_UGRBH,519707.81,5437905.78,9.269950762785355,49.093687777626364
08TS0044,201.14300000000003,630.0,428.85699999999997,489.19989999999996,UW_UGRBH,514799.0,5437594.0,9.202700677441118,49.091020842768096
05TS5047,49.38,,,,,,,,
01TS0071,80.32,400.0,319.68,343.776,UW_BOEKI,513304.9,5443333.31,9.182425459425762,49.14268228297997
01TS0326,53.56,500.0,446.44,462.508,UW_BOEKI,513203.85,5443465.55,9.181044288462548,49.14387400832408
01TS0401,90.68,900.0,809.3199999999999,836.524,UW_BOEKI,513104.88,5443309.22,9.179682186313231,49.142469885302724
01TS0221,200.84833333333333,250.0,49.15166666666667,109.40616666666668,UW_KETER,518273.43,5443233.6,9.250544600156866,49.141657636372706
01TS0346,198.54333333333335,400.0,201.45666666666665,261.0196666666667,UW_KETER,518080.1,5443431.19,9.247902769579134,49.14344074067621
01TS0446,159.3483333333333,400.0,240.6516666666667,288.4561666666667,UW_KETER,517870.53,5443309.83,9.245023925277309,49.142355203266675
03TS0022,33.04,,,,,,,,
02TS0004,53.1,400.0,346.9,362.83,UW_LASTD,511012.46,5436492.21,9.150806956440189,49.08118916513207
01TS0675,196.83,400.0,203.17,262.219,UW_ROMER,515766.68,5446645.28,9.216308753722371,49.17241620474048
01TS0713,583.8099999999998,630.0,46.19000000000017,221.33300000000014,UW_ROMER,512548.39,5445991.36,9.172135717716609,49.16660825128219
06TS0018,323.6450000000001,400.0,76.3549999999999,173.44849999999994,UW_UGRBH,520058.55,5438296.86,9.274774437062986,49.09719434959276
01TS0793,592.92,630.0,37.08000000000004,214.95600000000007,UW_SWPXX,515900.64,5446663.89,9.21814732078843,49.17258014994017
02TS0010,210.38000000000005,800.0,589.6199999999999,652.7339999999999,UW_LAUFN,510169.89,5435510.05,9.139243964086777,49.07236867250073
01TS0915,17.6,800.0,782.4,787.68,UW_SONHN,,,,
01TS0741,36.3,400.0,363.7,374.59000000000003,UW_ROMER,,,,
03TS0008,140.88500000000002,630.0,489.115,531.3805,UW_LASTD,514076.05,5432499.62,9.192621327124252,49.04521152003828
01TS0637,143.662,400.0,256.33799999999997,299.4366,UW_SONHN,514163.47,5440645.45,9.19410295941631,49.11848481541629
06TS0043,173.72,,,,UW_UGRBH,520269.4,5437191.6,9.27760731415988,49.08724521993554
03TS0012,231.42999999999995,630.0,398.57000000000005,467.999,UW_LASTD,513568.86,5432902.7,9.185694311616233,49.048848799640936
06TS0004,227.92000000000002,400.0,172.07999999999998,240.456,UW_UGRBH,519843.43,5438286.51,9.271827116669352,49.09710822413386
07TS0021,356.76500000000004,400.0,43.23499999999996,150.2645,UW_GROGH,515511.98,5439415.67,9.212536194122745,49.10738993061758
01TS0010,119.632,500.0,380.368,416.2576,UW_SONHN,514336.99,5440958.32,9.196492063547248,49.12129517617651
01TS0379,117.61200000000001,630.0,512.388,547.6716,UW_SONHN,514431.9,5440692.49,9.19778331211298,49.11890171461239
01TS0269,162.50333333333333,315.0,152.49666666666667,201.24766666666667,UW_SONHN,515336.64,5441450.93,9.21021115433993,49.125702252032916
01TS0377,186.28833333333324,400.0,213.71166666666676,269.59816666666677,UW_SONHN,515671.65,5441456.48,9.21480314011161,49.125743724733844
01TS0758,146.10333333333332,630.0,483.89666666666665,527.7276666666667,UW_SONHN,515653.28,5441897.7,9.214568479428962,49.12971312268095
01TS0556,69.98,400.0,330.02,351.014,UW_ROMER,512445.02,5445331.96,9.170697331456513,49.16067884207806
04TS0028,68.32000000000001,400.0,331.68,352.176,UW_LAUFN,510949.99,5431978.16,9.149829370285968,49.040584186490285
01TS0118,74.31700000000001,315.0,240.683,262.9781,UW_BOEKI,512980.51,5443073.81,9.177969363973808,49.14035493058868
01TS0117,77.65700000000001,1030.0,952.343,975.6401,UW_BOEKI,513929.51,5443179.76,9.190984223341841,49.141287199958654
01TS0161,79.02533333333332,400.0,320.9746666666667,344.6822666666667,UW_BOEKI,513625.92,5443499.42,9.186832605274532,49.144169461721994
01TS0766,67.61033333333334,630.0,562.3896666666667,582.6727666666667,UW_BOEKI,514077.72,5443564.61,9.193029729029918,49.14474567812373
03TS0001,214.03000000000003,815.0,600.97,665.179,UW_LASTD,514131.73,5432084.72,9.193368795251228,49.041478013975414
01TS0552,156.11999999999998,400.0,243.88000000000002,290.716,UW_ROMER,512822.88,5445791.61,9.175894720839985,49.16480576318008
01TS0718,62.837,400.0,337.163,356.0141,UW_SONHN,512809.76,5440582.4,9.17554916536813,49.11794735561583
08TS0005,162.59,630.0,467.40999999999997,516.187,UW_GROGH,514004.33,5436243.31,9.191769421829832,49.07888940092712
04TS0006,117.88300000000001,400.0,282.11699999999996,317.4819,UW_LAUFN,510857.89,5431620.27,9.148559576502477,49.037366407189246
03TS0025,73.19000000000001,400.0,326.81,348.767,UW_LASTD,513954.03,5432658.15,9.190957035278307,49.04664035058506
01TS0687,20.25,400.0,379.75,385.825,UW_KETER,516127.5,5444332.14,9.221166257146379,49.151599448522646
05TS0036,162.07399999999998,630.0,467.92600000000004,516.5482000000001,UW_GROGH,509025.24,5443272.72,9.123745226242605,49.142215049813444
04TS0041,173.54,630.0,456.46000000000004,508.52200000000005,UW_LAUFN,510150.0,5432363.5,9.138892746686468,49.044064213778086
01TS0527,185.96199999999996,400.0,214.03800000000004,269.82660000000004,UW_SONHN,512601.97,5439903.62,9.172680361112652,49.111845755747254
01TS0396,184.926,630.0,445.074,500.5518,UW_KETER,517313.47,5441806.6,9.23732154895035,49.12884911324888
01TS0885,30.275000000000002,630.0,599.725,608.8075,UW_BOEKI,511635.4,5440728.5,9.159459631261265,49.11928493237416
05TS0026,395.06000000000006,400.0,4.939999999999941,123.45799999999997,UW_GROGH,509578.8,5442999.58,9.131328584658101,49.13974967043386
01TS0032,315.075,630.0,314.925,409.4475,UW_SWPXX,515929.2,5446709.15,9.218540936156208,49.17298653552201
01TS0294,54.82000000000001,500.0,445.18,461.626,UW_ROMER,514274.44,5443662.46,9.195730548576503,49.14562133109168
01TS0699,34.615,630.0,595.385,605.7695,UW_ROMER,,,,
01TS0284,348.43186666666685,630.0,281.56813333333315,386.0976933333332,UW_SONHN,515457.57,5440822.62,9.211844589784915,49.12004734610999
05TS0040,179.51500000000001,630.0,450.485,504.3395,UW_GROGH,507998.94,5444051.93,9.109689107888972,49.14923855646345
01TS0034,209.16,630.0,420.84000000000003,483.588,UW_SWPXX,515848.8,5447065.37,9.217451930666705,49.176192915624384
01TS0276,77.35500000000002,400.0,322.645,345.8515,UW_ROMER,514472.21,5445041.4,9.198491895698627,49.15802071550735
01TS0088,77.35500000000002,400.0,322.645,345.8515,UW_ROMER,514477.01,5445182.03,9.198562785997744,49.15928561332597
01TS0712,68.50500000000001,400.0,331.495,352.0465,UW_SONHN,512349.18,5440213.05,9.169225952180206,49.11463433140528
07TS0017,336.555,400.0,63.44499999999999,164.41150000000002,UW_GROGH,514858.3,5439096.05,9.203568147244658,49.104530964064146
06TS0015,136.625,400.0,263.375,304.3625,UW_UGRBH,520103.7,5437430.95,9.275349839484704,49.089403698104036
01TS0628,60.660000000000004,250.0,189.34,207.538,UW_BOEKI,513624.37,5442409.48,9.186774507458555,49.1343651037699
01TS0880,114.38,630.0,515.62,549.934,UW_KETER,517541.06,5443549.43,9.2405170146069,49.14451997774517
01TS0581,387.3949999999999,630.0,242.60500000000008,358.8235000000001,UW_BHOXX,510368.15,5448680.22,9.142297153387933,49.19083608496709
04TS4022,30.990000000000002,,,,,,,,
07TS0008,138.69299999999996,400.0,261.307,302.91490000000005,UW_UGRBH,514929.06,5438680.86,9.204522249452962,49.100794451081704
03TS0021,180.76500000000001,630.0,449.235,503.4645,UW_LASTD,514405.93,5432155.45,9.19712324946646,49.042107918011936
01TS0478,78.165,400.0,321.835,345.2845,UW_BHOXX,514445.59,5447092.51,9.198200424790178,49.176471693710596
07TS0002,134.84100000000004,1030.0,895.159,935.6113,UW_UGRBH,516083.07,5438883.83,9.220339697068757,49.10259115432683
04TS0034,242.11999999999998,630.0,387.88,460.516,UW_LAUFN,509791.12,5431963.21,9.133972169422256,49.04046920052785
08TS0014,62.84,400.0,337.15999999999997,356.012,UW_UGRBH,514082.06,5437186.63,9.192866675199705,49.08737320168223
04TS0029,203.525,400.0,196.475,257.5325,UW_LAUFN,510377.38,5432052.85,9.141996251905772,49.04126596830454
01TS0015,96.32,400.0,303.68,332.576,UW_KETER,516299.91,5443605.39,9.223501195221816,49.14505755017601
01TS0558,165.16200000000003,400.0,234.83799999999997,284.3866,UW_ROMER,512308.9,5444964.94,9.16881908104979,49.15738012139577
01TS0715,94.63,400.0,305.37,333.759,UW_BHOXX,507836.01,5447762.95,9.10752711880839,49.18262254673067
01TS0790,227.9,1260.0,1032.1,1100.47,UW_BADHN,515208.95,5444664.16,9.20858224899336,49.15460951307775
07TS0023,174.935,400.0,225.065,277.5455,UW_UGRBH,515322.77,5438936.59,9.209925586574203,49.103085162167815
01TS0166,88.31,315.0,226.69,253.183,UW_SONHN,514000.52,5440260.96,9.191856488210595,49.115029913389066
01TS0400,117.436,400.0,282.56399999999996,317.7948,UW_SONHN,516363.2,5440645.07,9.224248868998004,49.118426778873165
07TS0003,170.978,800.0,629.0219999999999,680.3154,UW_GROGH,514642.69,5438927.61,9.200608064788106,49.103020950200055
05TS0006,456.15500000000003,400.0,-56.15500000000003,80.69150000000002,UW_GROGH,508920.24,5445002.41,9.122343878482065,49.15777576976087
01TS0574,395.2550000000001,315.0,-80.25500000000011,38.32149999999996,UW_BHOXX,508291.04,5448103.89,9.113778139744147,49.185683425629385
06TS0022,51.615,400.0,348.385,363.8695,UW_UGRBH,524079.54,5436943.52,9.329774930145524,49.08487636851188
,0.0,,,,,,,,
01TS0189,102.63519999999998,400.0,297.3648,328.15536000000003,UW_SONHN,515134.08,5440852.79,9.207412351270595,49.120326786057944
01TS0342,122.37186666666663,400.0,277.6281333333334,314.33969333333334,UW_SONHN,515131.91,5440641.64,9.20737469272553,49.1184274669934
06TS0020,140.28,630.0,489.72,531.804,UW_UGRBH,520905.18,5439146.88,9.286415947125532,49.104812385837924
04TS0022,125.70999999999998,500.0,374.29,412.00300000000004,UW_LAUFN,510784.17,5431808.17,9.147555929639948,49.039057960694116
02TS0086,12.64,1600.0,1587.36,1591.152,,,,,
01TS0709,126.86937499999998,400.0,273.130625,311.1914375,UW_KETER,516187.36,5443988.91,9.221973353759074,49.14851041174737
01TS0530,167.315,315.0,147.685,197.8795,UW_SONHN,512902.73,5440291.62,9.176813953080181,49.11532973151623
06TS6007,24.189999999999998,,,,,,,,
02TS0071,348.5,250.0,-98.5,6.050000000000011,UW_LAUFN,510361.93,5435738.59,9.141879180801338,49.074421296216364
06TS0021,349.40500000000003,400.0,50.59499999999997,155.41649999999998,UW_UGRBH,519487.91,5438811.35,9.26698236984504,49.101840715343045
08TS0031,50.92,630.0,579.08,594.356,UW_UGRBH,513841.0,5438229.63,9.189600882855924,49.0967608968279
01TS0725,129.052,400.0,270.948,309.66360000000003,UW_ROMER,511927.54,5445626.01,9.163608260250285,49.16333419140492
02TS0078,387.25,400.0,12.75,128.925,UW_LAUFN,509874.32,5435316.5,9.135192370442724,49.07063240848282
01TS0585,246.81000000000003,630.0,383.18999999999994,457.23299999999995,UW_BHOXX,511197.29,5449517.98,9.153699948809491,49.1983573895236
01TS0856,41.49,1260.0,1218.51,1230.957,UW_SONHN,516387.3,5442074.9,9.224637234384554,49.131287960668914
01TS0630,372.50666666666666,630.0,257.49333333333334,369.24533333333335,UW_BOEKI,511639.55,5443295.46,9.159590604550866,49.14237562589961
05TS5043,6.96,,,,,,,,
07TS0026,390.84,630.0,239.16000000000003,356.41200000000003,UW_UGRBH,516596.4,5438550.0,9.227358595497634,49.09957458717352
02TS0077,67.76,630.0,562.24,582.568,UW_LAUFN,508460.81,5434771.43,9.115828214870445,49.065750280873026
01TS0148,166.235,,,,,513386.83,5444525.87,9.183588438215962,49.15340798351222
01TS0487,276.5746666666667,400.0,123.4253333333333,206.39773333333332,UW_BOEKI,511800.36,5443162.27,9.161791571249648,49.141174465619514
08TS0045,237.832,1260.0,1022.168,1093.5176000000001,UW_UGRBH,514424.26,5437091.63,9.197549997775326,49.08651071043548
06TS0017,185.92,630.0,444.08000000000004,499.856,UW_UGRBH,520180.03,5438065.26,9.27642695640163,49.0951070510191
01TS0560,186.162,630.0,443.83799999999997,499.6866,UW_BHOXX,509461.73,5447516.92,9.129829692601799,49.180386506240794
02TS0030,107.926,630.0,522.074,554.4518,UW_LAUFN,510446.65,5435760.07,9.143039747764012,49.07461308726169
01TS0526,160.94000000000003,400.0,239.05999999999997,287.342,UW_SONHN,512445.89,5439995.69,9.170544500715765,49.11267714141681
01TS0557,62.38,400.0,337.62,356.334,UW_ROMER,512395.64,5445182.42,9.170015428285268,49.159334680177636
03TS3024,9.84,,,,,,,,
08TS0006,208.235,400.0,191.765,254.2355,UW_UGRBH,514624.65,5437587.99,9.200312417819266,49.090970948903255
06TS0033,224.97499999999997,400.0,175.02500000000003,242.51750000000004,UW_UGRBH,521087.68,5437043.54,9.288806509975265,49.085885870228694
01TS0373,165.38000000000002,400.0,234.61999999999998,284.234,UW_BOEKI,511285.6,5440867.61,9.154669638006302,49.120542803517495
05TS0011,156.46499999999997,630.0,473.535,520.4745,UW_GROGH,509264.24,5443481.2,9.127026944380706,49.14408684621825
01TS0771,249.71000000000004,630.0,380.28999999999996,455.203,UW_BHOXX,508436.93,5447753.96,9.115772843931925,49.18253370720656
01TS0281,57.8,630.0,572.2,589.54,UW_SONHN,514985.33,5441031.56,9.2053803886927,49.12193853251934
01TS0873,180.18,630.0,449.82,503.874,UW_ROMER,514663.27,5444699.73,9.201099897257683,49.15494275188853
01TS0884,54.089999999999996,630.0,575.91,592.1370000000001,UW_SONHN,512090.0,5440901.0,9.165694928790476,49.120827864347184
02TS0005,336.13,790.0,453.87,554.7090000000001,UW_LASTD,510757.51,5436832.78,9.147324691370804,49.084257256516295
01TS0845,63.64,400.0,336.36,355.452,UW_SWPXX,515872.01,5444316.57,9.217661979887774,49.15146604897803
01TS0393,162.58999999999995,630.0,467.4100000000001,516.187,UW_KETER,517209.71,5443553.7,9.235973879938335,49.14456776200068
01TS0206,25.910000000000004,400.0,374.09,381.863,UW_ROMER,514376.74,5443557.07,9.197129512763235,49.14467092636709
03TS0032,12.0,100.0,88.0,91.6,,514625.24,5433786.05,9.20018303232472,49.056770789673635
01TS0224,29.97,400.0,370.03,379.021,UW_ROMER,513550.07,5443942.14,9.185807479329274,49.1481535568608
01TS0578,126.87499999999999,400.0,273.125,311.1875,UW_BHOXX,510187.41,5449074.73,9.139826605647016,49.19438784557455
01TS0697,30.654999999999998,400.0,369.345,378.5415,UW_BOEKI,511418.66,5440695.81,9.156488361827238,49.11899493719824
05TS0041,205.13400000000001,630.0,424.866,486.4062,UW_GROGH,507416.47,5444131.93,9.1017032094203,49.14996549707788
01TS0803,154.95,630.0,475.05,521.535,UW_SONHN,512648.45,5440557.69,9.173337756173861,49.1177284197005
02TS2011,33.57,,,,,,,,
02TS0052,151.69,250.0,98.31,143.817,UW_LASTD,514477.55,5435096.09,9.198208397289804,49.068558696448605
03TS0017,255.89100000000005,500.0,244.10899999999995,320.8763,UW_LASTD,513493.47,5432702.9,9.184655924720177,49.047053155236696
01TS0529,75.63,400.0,324.37,347.059,UW_SONHN,512935.08,5440417.04,9.17726128264949,49.116457253780354
01TS0851,67.66,400.0,332.34000000000003,352.63800000000003,UW_SONHN,516398.14,5441227.4,9.224751368374495,49.12366411443103
06TS6021,7.38,,,,,,,,
01TS0083,37.45,250.0,212.55,223.785,UW_ROMER,515550.15,5446638.55,9.213337862390278,49.172361192422755
02TS0001,35.82,630.0,594.18,604.926,UW_LASTD,,,,
04TS0013,118.19000000000003,815.0,696.81,732.2669999999999,UW_LAUFN,510271.23,5431736.21,9.14053575456502,49.03841940260445
02TS0049,175.86,630.0,454.14,506.898,UW_LAUFN,510688.03,5435821.37,9.146346428804723,49.0751603665178
01TS0292,236.02,800.0,563.98,634.7860000000001,UW_BHOXX,513308.18,5447945.54,9.182622931884907,49.184170672848495
01TS0080,29.525,500.0,470.475,479.3325,UW_KETER,516763.02,5443800.88,9.229859350452728,49.14680357861791
01TS0435,34.655,500.0,465.345,475.7415,UW_KETER,516986.31,5443698.09,9.232916806874252,49.14587281483515
01TS0569,161.01000000000002,400.0,238.98999999999998,287.293,UW_BHOXX,508030.92,5447610.85,9.110198665315643,49.18125183821369
08TS8007,13.600000000000001,,,,,,,,
05TS0014,442.74999999999994,630.0,187.25000000000006,320.07500000000005,UW_GROGH,509151.96,5444193.39,9.125503596627807,49.150494938032644
08TS0004,21.18,3675.0,3653.82,3660.174,UW_GROGH,513164.91,5438695.98,9.180354715185212,49.100970749182125
02TS0055,354.50000000000006,630.0,275.49999999999994,381.84999999999997,UW_LASTD,512928.11,5435667.3,9.177013780791864,49.073731472625
01TS0234,418.915,880.0,461.085,586.7595,UW_KETER,517328.27,5444233.73,9.237628772213169,49.150681507528866
05TS0035,56.205,400.0,343.795,360.6565,UW_GROGH,508415.19,5443539.79,9.115386415892548,49.14462610536422
01TS0505,309.244,630.0,320.756,413.5292,UW_KETER,516330.01,5444616.53,9.2239549098812,49.15415227175867
01TS0820,102.52,630.0,527.48,558.236,UW_KETER,516319.93,5444415.83,9.223808537492308,49.152347181515374
01TS0807,309.46000000000004,630.0,320.53999999999996,413.378,UW_BHOXX,512895.96,5447648.11,9.176956687406022,49.18150401078593
04TS0047,46.2,,,,,,,,
01TS0470,260.7275,400.0,139.27249999999998,217.49075,UW_SONHN,516493.08,5441506.54,9.226064010533413,49.126172536265116
01TS0695,116.4425,400.0,283.5575,318.49025,UW_SONHN,516443.46,5441769.77,9.225394627211449,49.1285417112084
04TS0012,78.765,800.0,721.235,744.8645,UW_LAUFN,510732.48,5431951.25,9.14685246555775,49.040345942494184
08TS8005,16.11,,,,,,,,
01TS0496,115.77600000000001,315.0,199.224,233.9568,UW_ROMER,514338.39,5445540.56,9.196674293496688,49.16251395591601
04TS0036,109.0,630.0,521.0,553.7,UW_LAUFN,510421.85,5431394.62,9.142587817771233,49.03534409119699
01TS0744,398.15600000000006,400.0,1.8439999999999372,121.29079999999999,UW_BHOXX,506602.71,5448829.4,9.090621099634834,49.19223011345709
01TS0792,32.9,800.0,767.1,776.97,UW_SWPXX,515683.36,5444102.43,9.215066595341446,49.149544639271376
01TS0817,1.5,1260.0,1258.5,1258.95,UW_BADHN,515811.54,5443244.6,9.216790654274094,49.141824893438894
02TS0075,164.28,250.0,85.72,135.00400000000002,UW_LASTD,510111.11,5437810.59,9.138496698099063,49.09306405761714
01TS0459,66.94,2520.0,2453.06,2473.142,UW_BADHN,516074.56,5442994.78,9.220386906333953,49.139570853139276
02TS0054,57.42,630.0,572.58,589.806,UW_LASTD,511709.62,5435789.93,9.16033364002011,49.074858966387495
01TS0649,45.65,800.0,754.35,768.045,UW_SONHN,,,,
06TS0026,153.23000000000002,400.0,246.76999999999998,292.739,UW_UGRBH,523907.07,5437491.44,9.327445361925783,49.08981181490644
01TS0494,358.162,630.0,271.838,379.2866,UW_BHOXX,513157.51,5447835.59,9.180551759141514,49.18318489223165
01TS0714,150.78,630.0,479.22,524.454,UW_ROMER,512671.46,5444954.07,9.173791299853548,49.15727496549973
01TS0611,220.86400000000003,400.0,179.13599999999997,245.3952,UW_SONHN,516276.51,5440930.6,9.223072357244833,49.12099752568998
07TS0010,181.12,400.0,218.88,273.216,UW_UGRBH,515175.34,5438545.91,9.20789109519993,49.09957449510795
01TS0128,10.56,1380.0,1369.44,1372.608,,513812.22,5444620.06,9.18942548043484,49.15424583088323
01TS0325,56.365,715.0,658.635,675.5445,UW_BHOXX,512981.96,5447861.48,9.178143651514286,49.18342152105128
06TS0046,75.64,,,,UW_UGRBH,519149.2,5438554.1,9.262329932412152,49.099537296071226
02TS2060,1.74,,,,,,,,
01TS0025,14.08,,,,,,,,
01TS0519,66.94500000000001,400.0,333.055,353.1385,UW_BOEKI,513733.07,5442192.63,9.1882572649356,49.13241204005951
08TS0021,191.68499999999997,400.0,208.31500000000003,265.82050000000004,UW_GROGH,514555.89,5435983.94,9.199312870616504,49.076543458535866
02TS0029,38.94500000000001,630.0,591.055,602.7385,UW_LASTD,511099.79,5435848.89,9.151985209711498,49.07540063577153
08TS0036,101.42,400.0,298.58,329.006,UW_GROGH,513771.65,5438864.91,9.18867255756943,49.10247705831369
05TS0020,65.325,160.0,94.675,114.27250000000001,UW_GROGH,508117.86,5443164.1,9.111301960794867,49.141250634720706
06TS0011,70.91,400.0,329.09000000000003,350.363,UW_UGRBH,519898.82,5436754.57,9.272510441886007,49.08332606279927
01TS0327,25.11,500.0,474.89,482.423,UW_KETER,516603.13,5444382.59,9.227690888325167,49.15204058477205
01TS0550,57.93,400.0,342.07,359.449,UW_ROMER,512699.94,5445318.32,9.17419339651488,49.16055092446686
02TS0074,66.44,400.0,333.56,353.492,UW_LAUFN,509998.55,5435448.24,9.136896492726018,49.07181546821975
02TS0008,183.445,800.0,616.5550000000001,671.5885000000001,UW_LAUFN,511374.21,5435521.02,9.155733504569971,49.07244628308925
01TS0473,106.05999999999999,630.0,523.94,555.758,UW_SONHN,514717.7,5441216.48,9.201719175197123,49.123608422671644
07TS7003,98.415,,,,,,,,
05TS5008,98.415,,,,,,,,
05TS0037,207.86000000000004,250.0,42.13999999999996,104.49799999999999,UW_GROGH,508339.04,5442275.7,9.114316118940627,49.13325617293402
06TS0019,92.77,160.0,67.23,95.061,UW_UGRBH,519352.97,5436455.76,9.26502091510481,49.08065555532878
01TS0818,12.955000000000002,800.0,787.045,790.9315,UW_SWPXX,,,,
01TS0674,6.675000000000001,630.0,623.325,625.3275,UW_SWPXX,515898.86,5445940.85,9.218094330422192,49.16607624444461
01TS0212,30.96,250.0,219.04,228.328,UW_KETER,516610.27,5443366.77,9.227746919381728,49.14290277142239
05TS0005,133.56500000000003,400.0,266.43499999999995,306.5045,,508324.52,5443977.53,9.114152225281519,49.14856497386354
08TS0002,214.678,630.0,415.322,479.72540000000004,UW_GROGH,513507.93,5438209.2,9.185037666935937,49.09658452390638
04TS4034,48.879999999999995,,,,,,,,
05TS6005,9.12,,,,,,,,
01TS0639,29.48,630.0,600.52,609.364,UW_SWPXX,515921.73,5446503.06,9.21843029581015,49.171132891835484
05TS0068,620.679,630.0,9.321000000000026,195.52470000000005,UW_GROGH,509250.38,5442049.91,9.126804055040983,49.131212059337635
02TS2076,72.03,,,,,,,,
01TS0603,25.665,400.0,374.335,382.0345,UW_SONHN,514578.22,5441169.39,9.199805788115453,49.12318815496942
02TS0062,9.24,400.0,390.76,393.532,UW_LAUFN,511874.0,5435095.3,9.162564010434298,49.06860729614673
02TS0051,45.31499999999999,945.0,899.6850000000001,913.2795,UW_LAUFN,,,,
08TS8044,23.16,,,,,,,,
02TS0088,1122.0,,,,UW_LASTD,511092.7,5437812.2,9.15194200151804,49.09306162623388
01TS0896,80.19,,,,UW_BADHN,515222.7,5442748.8,9.208698450444597,49.13737988072464
05TS5041,14.51,,,,,,,,
01TS0427,84.91437499999998,800.0,715.085625,740.5599375,UW_KETER,516650.21,5443951.81,9.228318718317993,49.1481643102878
07TS0006,109.297,630.0,520.703,553.4921,UW_GROGH,514840.68,5438915.05,9.203320091867207,49.10290322257151
05TS5009,37.3,,,,,,,,
01TS0462,22.95,,,,,,,,
01TS0743,21.675,630.0,608.325,614.8275,UW_KETER,515964.82,5443567.77,9.218905051211156,49.14472794814083
01TS0568,13.12,,,,,,,,
05TS0018,277.35,630.0,352.65,435.855,UW_GROGH,509682.43,5444145.17,9.132776913175569,49.15005304631592
01TS0753,10.25,1260.0,1249.75,1252.825,UW_KETER,516396.69,5444610.61,9.224869132025391,49.15409724237322
07TS0009,45.584999999999994,630.0,584.415,598.0905,UW_UGRBH,515659.94,5438570.59,9.214530670745823,49.09978435551194
05TS0062,331.09000000000003,630.0,298.90999999999997,398.23699999999997,UW_GROGH,509424.63,5444024.23,9.129238835027062,49.14896915850073
05TS0029,54.02,400.0,345.98,362.186,UW_GROGH,508979.33,5443553.12,9.12312200355097,49.14473802472517
01TS0060,44.5758,400.0,355.4242,368.79694,UW_BHOXX,514589.24,5446422.72,9.200147067730216,49.17044333913988
05TS0071,587.915,1260.0,672.085,848.4595,UW_GROGH,508912.58,5444325.14,9.122223829598454,49.15168359784242
07TS0011,71.6,630.0,558.4,579.88,UW_UGRBH,515039.43,5438769.07,9.206037549513063,49.10158524663241
05TS0058,11.85,800.0,788.15,791.705,UW_GROGH,507537.57,5443726.67,9.103356286832652,49.146318558909826
01TS0058,3.32,,,,,,,,
02TS0076,516.88,630.0,113.12,268.184,UW_LASTD,513219.18,5435515.76,9.180994185638069,49.07236212040952
01TS0474,12.15,400.0,387.85,391.495,UW_KETER,516426.73,5443755.19,9.225246220052465,49.146401669950265
02TS2048,30.79,,,,,,,,
05TS5022,10.35,,,,,,,,
01TS0754,40.64,400.0,359.36,371.552,UW_ROMER,514262.56,5444708.72,9.195604699304775,49.155033059584
01TS0755,2.8,630.0,627.2,628.04,UW_ROMER,,,,
05TS0012,180.98600000000002,160.0,-20.98600000000002,33.309799999999996,UW_GROGH,508653.16,5444536.44,9.118670787676738,49.153588027796125
03TS3016,8.2,,,,,,,,
01TS0890,31.99875,630.0,598.00125,607.600875,UW_BADHN,515782.0,5442652.0,9.216362431977014,49.13649501804076
01TS0513,18.06,400.0,381.94,387.358,UW_BADHN,516004.43,5442581.82,9.21940901376268,49.135857970892346
05TS5035,24.2,,,,,,,,
01TS0597,51.190000000000005,800.0,748.81,764.167,UW_BADHN,515401.47,5443286.35,9.211169856311795,49.14221086789107
01TS0463,435.43999999999994,800.0,364.56000000000006,495.19200000000006,UW_BADHN,515465.49,5443401.61,9.212052053184912,49.14324606112821
01TS0900,81.75,,,,,517231.0,5443268.0,9.236253581473031,49.14199720341208
08TS0035,63.17999999999999,400.0,336.82,355.774,UW_UGRBH,514518.44,5436927.39,9.198833949533377,49.08503108672184
01TS0599,29.520000000000003,400.0,370.48,379.336,UW_BOEKI,514060.59,5442191.92,9.192746961539656,49.13239824562052
06TS6018,19.1,,,,,,,,
07TS7022,11.89,,,,,,,,
06Ts0013,118.375,315.0,196.625,232.1375,UW_UGRBH,526007.72,5437291.61,9.35620368758678,49.08792908445045
01TS0686,325.13,1000.0,674.87,772.409,UW_SWPXX,515436.86,5447263.67,9.211807599871651,49.17798718299666
01TS0382,53.37033333333334,1000.0,946.6296666666667,962.6407666666667,UW_KETER,516293.21,5442377.98,9.223359706227923,49.13401677057752
03TS0002,80.95,400.0,319.05,343.335,UW_LASTD,514093.2,5432901.82,9.192870004536536,49.04882911492557
02TS2055,52.48,,,,,,,,
01TS0882,423.51,630.0,206.49,333.543,UW_KETER,516694.0,5442746.0,9.22886923544072,49.13731647331469
01TS0483,2.34,1260.0,1257.66,1258.362,UW_KETER,,,,
01TS0479,3.32,715.0,711.68,712.676,UW_SONHN,514071.41,5440883.57,9.192849637329918,49.12062890908415
01TS0588,172.23000000000002,630.0,457.77,509.43899999999996,UW_BHOXX,510957.82,5448647.23,9.150389121684459,49.190529076079464
03TS3006,15.2,,,,,,,,
04TS0030,83.08,630.0,546.92,571.844,UW_LAUFN,510733.28,5432261.59,9.146871632228837,49.0431375987249
01TS0728,70.555,630.0,559.4449999999999,580.6115,UW_BOEKI,512841.23,5442879.81,9.176053592956197,49.13861275912044
08TS8034,47.19,,,,,,,,
01TS0205,54.64,1260.0,1205.36,1221.752,UW_BOEKI,514209.53,5443276.71,9.194826906991795,49.14215288431854
02TS2038,8.88,,,,,,,,
02TS0012,144.95999999999998,250.0,105.04000000000002,148.52800000000002,UW_LASTD,512077.32,5435964.08,9.165373540471968,49.07641842256553
01TS0673,10.25,400.0,389.75,392.825,UW_BHOXX,510195.78,5449142.05,9.139943195427694,49.19499326900519
01TS0050,44.219374999999985,1890.0,1845.780625,1859.0464375,UW_KETER,516192.98,5443719.55,9.222039591747473,49.14608728467502
01TS0079,44.219374999999985,250.0,205.78062500000001,219.04643750000002,UW_KETER,515993.3,5443866.09,9.219307400338499,49.147410691539335
01TS0321,44.219374999999985,400.0,355.780625,369.0464375,UW_KETER,516089.6,5443891.23,9.220628903559518,49.147634318318985
01TS0324,44.219374999999985,1000.0,955.780625,969.0464375,UW_KETER,516366.96,5444101.84,9.22444073392663,49.14952149196021
01TS0512,44.219374999999985,500.0,455.780625,469.0464375,,515893.78,5443770.98,9.217938994936397,49.146557730323785
01TS0645,44.219374999999985,630.0,585.780625,599.0464375,UW_KETER,516069.43,5443715.8,9.220345326701743,49.146056797479915
05TS5029,10.25,,,,,,,,
01TS0426,20.8,800.0,779.2,785.44,UW_BHOXX,512319.07,5447842.46,9.16904666947243,49.18326410345488
01TS0517,44.45833333333333,1130.0,1085.5416666666667,1098.8791666666666,UW_KETER,516428.23,5442965.89,9.225234608711354,49.1393016212539
07TS7024,19.295,,,,,,,,
07TS7026,49.5,,,,,,,,
01TS0497,3.5789999999999997,250.0,246.421,247.4947,UW_BHOXX,512939.22,5447770.67,9.177554236594911,49.18260556223885
07TS7017,11.89,,,,,,,,
01TS0521,168.52999999999997,630.0,461.47,512.029,UW_SONHN,513005.25,5440653.24,9.17823049439815,49.11858048420612
01TS0616,113.188,630.0,516.812,550.7684,UW_SONHN,515808.42,5440799.13,9.21665200107319,49.119827122079876
01TS0618,54.269999999999996,,,,UW_SWPXX,515919.34,5444367.83,9.218313064503674,49.151925923464745
08TS8041,12.71,,,,,,,,
01TS0348,1085.4,,,,,515451.15,5446021.58,9.211955964455164,49.1668138698722
02TS0079,434.1949999999999,1260.0,825.8050000000001,956.0635000000001,UW_LASTD,511670.65,5434781.67,9.159770961406267,49.06578993240948
06TS6014,10.36,,,,,,,,
04TS4031,10.3,,,,,,,,
06TS6012,22.8,,,,,,,,
02TS2008,8.2,,,,,,,,
02TS2005,93.925,,,,,,,,
02TS0072,9.84,400.0,390.16,393.112,UW_LAUFN,511483.8,5435599.24,9.157236204546567,49.07314787441624
01TS0056,46.16,1030.0,983.84,997.688,UW_KETER,516831.98,5443055.35,9.230773798787416,49.140095412400036
06TS0024,347.532,630.0,282.468,386.72760000000005,UW_UGRBH,523227.18,5436619.25,9.31808322235095,49.081992205797825
05TS0038,667.6949999999999,400.0,-267.69499999999994,-67.3864999999999,UW_GROGH,509574.64,5444304.25,9.131302555102309,49.15148571786705
01TS0905,5.735,,,,UW_BADHN,515819.0,5442154.0,9.21685013653887,49.132014386240286
04TS4003,6.84,,,,,,,,
05TS0556,24.75,,,,,,,,
07TS7008,12.58,,,,,,,,
07TS7007,22.16,,,,,,,,
02TS2035,6.46,,,,,,,,
01TS0664,53.73033333333334,315.0,261.26966666666664,277.38876666666664,UW_KETER,516657.33,5442413.49,9.228352766024877,49.13432643079876
08TS8014,8.61,,,,,,,,
01TS0094,63.96,250.0,186.04,205.228,UW_SWPXX,515857.76,5444359.53,9.21746825440557,49.15185285586284
06TS6039,22.55,,,,,,,,
07TS7004,10.66,,,,,,,,
05TS5045,32.6,,,,,,,,
01TS0069,47.685,400.0,352.315,366.6205,UW_BOEKI,514275.33,5442033.41,9.195685054660414,49.13096743979467
01TS0726,221.86500000000004,400.0,178.13499999999996,244.69449999999998,UW_KETER,517733.56,5444039.95,9.243178075874601,49.14892682690673
01TS0833,42.230000000000004,2400.0,2357.77,2370.439,UW_BADHN,,,,
02TS2009,19.8,,,,,,,,
04TS4033,26.560000000000002,,,,,,,,
04TS4025,12.075,,,,,,,,
04TS0024,144.98,400.0,255.02,298.514,UW_LAUFN,510125.14,5431610.99,9.138533761044814,49.03729539905165
06TS0618,18.4,,,,,,,,
08TS0043,20.95,1260.0,1239.05,1245.335,UW_GROGH,513987.4,5437065.5,9.191566035965982,49.08628574404984
06TS0035,94.565,400.0,305.435,333.8045,UW_UGRBH,523568.92,5436858.69,9.322777041688486,49.08413305995904
05TS0001,9.13,400.0,390.87,393.609,UW_GROGH,508738.75,5443616.42,9.119824620042703,49.14531090191747
05TS5038,13.5,,,,,,,,
01TS0576,75.765,630.0,554.235,576.9645,,510677.89,5448997.72,9.146556586581255,49.193686772568824
06TS6044,4.51,,,,,,,,
02TS2083,5.4,,,,,,,,
01TS0720,67.85499999999999,400.0,332.145,352.5015,UW_ROMER,512241.24,5444560.68,9.167878824902647,49.153745020502235
06TS0028,117.035,400.0,282.96500000000003,318.07550000000003,UW_UGRBH,523604.72,5437151.41,9.323284408496175,49.086764803700355
07TS7021,18.14,,,,,,,,
07TS7025,8.4,,,,,,,,
02TS2054,8.2,,,,,,,,
01TS0279,35.105,800.0,764.895,775.4265,UW_SONHN,514754.2,5441275.27,9.202221587262121,49.1241363851393
06TS6022,11.48,,,,,,,,
01TS0041,45.415,250.0,204.585,218.2095,UW_BADHN,515237.84,5443270.62,9.208925743097177,49.142073452533886
03TS3028,14.06,,,,,,,,
03TS3004,9.36,,,,,,,,
02TS0565,9.96,,,,,,,,
08TS8037,9.72,,,,,,,,
06TS6040,6.8,,,,,,,,
06TS6026,15.58,,,,,,,,
02TS0002,17.22,400.0,382.78,387.946,UW_LASTD,511627.56,5435988.33,9.15921574416231,49.07664522153605
05TS0050,16.4,,,,,,,,
06TS6005,15.84,,,,,,,,
01TS0659,129.17800000000003,400.0,270.822,309.5754,UW_SONHN,516005.61,5440853.33,9.219356589663066,49.120309567863515
05TS5015,1.8,,,,,,,,
06TS6009,3.4425,,,,,,,,
06TS6020,3.4425,,,,,,,,
01TS0135,26.25,400.0,373.75,381.625,UW_BADHN,514868.4,5443568.37,9.203871379027921,49.144760867672034
01TS0167,243.805,250.0,6.194999999999993,79.3365,UW_SONHN,516352.17,5441273.84,9.224123195525474,49.12408308343227
08TS0007,24.924999999999997,400.0,375.075,382.5525,UW_GROGH,514311.74,5436900.77,9.196002212358941,49.084796469729284
01TS0656,198.77,400.0,201.23,260.861,UW_SWPXX,515997.64,5444536.97,9.219393557717705,49.15344535534116
01TS8081,12.3,,,,,,,,
02TS2078,9.99,,,,,,,,
01TS0909,749.625,,,,UW_BHOXX,513120.7,5447821.1,9.180046169745708,49.183055339111455
07TS7018,8.88,,,,,,,,
01TS0601,75.89,1600.0,1524.11,1546.877,UW_BADHN,515631.43,5443261.01,9.214321836448919,49.14197711688252
02TS0053,10.8,250.0,239.2,242.44,UW_SONHN,512480.16,5436162.54,9.170895687604988,49.07819562599896
01TS0201,40.775,630.0,589.225,601.4575,UW_BOEKI,514613.4,5443358.82,9.200367312436834,49.14288201543749
01TS0137,6.8,315.0,308.2,310.24,UW_BADHN,514925.5,5444062.68,9.204672626753439,49.14920596365714
06TS0626,14.94,,,,,,,,
02TS0036,16.44,,,,,,,,
01TS0740,57.48,400.0,342.52,359.764,UW_ROMER,512103.45,5445630.42,9.16602131314939,49.16337041700298
01TS0825,28.09166666666667,400.0,371.9083333333333,380.3358333333333,UW_BADHN,516511.14,5442134.88,9.226337276383457,49.131824185888924
01TS0907,28.09166666666667,400.0,371.9083333333333,380.3358333333333,UW_BADHN,516114.0,5442174.0,9.220894825880524,49.13218662729663
01TS0912,28.09166666666667,,,,UW_BADHN,,,,
01TS0273,43.53033333333334,800.0,756.4696666666666,769.5287666666667,UW_KETER,516467.96,5442258.76,9.225750422868105,49.13293968733033
01TS0608,43.53033333333334,630.0,586.4696666666666,599.5287666666667,UW_KETER,516104.85,5442726.93,9.220791485315468,49.137160659826144
01TS0691,43.53033333333334,1260.0,1216.4696666666666,1229.5287666666666,UW_BADHN,515991.96,5442299.9,9.2192268770873,49.133322329433824
01TS0736,50.25033333333334,630.0,579.7496666666667,594.8247666666666,UW_KETER,516689.56,5442605.58,9.228802551064838,49.1360534696312
02TS0084,284.625,630.0,345.375,430.76250000000005,UW_LASTD,512965.19,5435653.82,9.177521051551913,49.073609434136934
01TS0541,29.64,400.0,370.36,379.252,UW_BHOXX,512869.1,5447909.14,9.176596474729708,49.18385261485268
01TS0481,1.215,630.0,628.785,629.1495,UW_BHOXX,512932.56,5447942.17,9.177468363938162,49.184148394269876
01TS0482,167.05599999999998,1200.0,1032.944,1083.0608,UW_BHOXX,511978.48,5447955.11,9.164376348879081,49.18428416943006
01TS0448,37.1958,315.0,277.8042,288.96294,UW_BHOXX,514812.5,5446590.01,9.203216069265457,49.171942812593834
01TS0564,82.08999999999999,315.0,232.91000000000003,257.53700000000003,UW_BHOXX,508810.26,5447645.59,9.120893349005023,49.181553636318185
01TS0182,20.51875,400.0,379.48125,385.636875,UW_BADHN,515861.25,5442618.57,9.21744758174613,49.13619226288273
01TS0338,20.51875,500.0,479.48125,485.636875,UW_BADHN,515553.21,5442545.8,9.213221773855578,49.13554554771879
01TS0383,20.51875,500.0,479.48125,485.636875,UW_BADHN,515831.81,5442462.34,9.217037845541219,49.134787680349426
01TS0146,18.675,100.0,81.325,86.9275,UW_KETER,518285.74,5444425.5,9.250767479331238,49.15237876808574
04TS0001,37.74,160.0,122.25999999999999,133.582,UW_LAUFN,510054.85,5431833.03,9.137577553716381,49.03929391711746
01TS0508,123.018,630.0,506.98199999999997,543.8874,UW_BHOXX,511888.82,5447914.5,9.16314478147198,49.183920615226896
02TS0007,7.44,125.0,117.56,119.792,UW_LAUFN,512238.18,5434910.7,9.167544303834838,49.066939602136124
01TS0419,9.6,250.0,240.4,243.28,UW_KETER,517144.12,5445227.88,9.235145805849788,49.159629351885606
01TS0646,66.87,250.0,183.13,203.191,UW_KETER,517452.52,5441359.84,9.239208203930907,49.124826421999686
01TS0152,76.94999999999999,400.0,323.05,346.135,UW_SWPXX,516104.19,5445030.53,9.220874525202959,49.157882292952536
02TS0039,74.14,630.0,555.86,578.102,UW_LASTD,511152.48,5436305.49,9.152719262843128,49.079507012051515
03TS0018,29.16,200.0,170.84,179.588,UW_LASTD,513275.97,5432243.48,9.18166443398697,49.04292516618074
01TS0747,217.03,1260.0,1042.97,1108.079,UW_SWPXX,515749.45,5444180.53,9.215975937371086,49.150245482050906
05TS0033,23.52,50.0,26.48,33.536,UW_GROGH,508593.09,5442833.95,9.117810667808138,49.13827434588529
05TS0049,320.155,400.0,79.84500000000003,175.89150000000004,UW_GROGH,506682.57,5443368.2,9.091626470239973,49.14310388447709
01TS0520,240.5,1260.0,1019.5,1091.65,UW_BHOXX,512061.13,5447749.92,9.165504364478842,49.18243680571306
01TS0353,291.36,630.0,338.64,426.048,UW_SWPXX,515930.69,5445010.0,9.2184941187364,49.157702146378995
01TS0868,301.8,400.0,98.19999999999999,188.74,UW_BHOXX,,,,
03TS0034,1329.54,,,,UW_LASTD,515502.56,5432756.44,9.212151856255902,49.04748750816368
02TS0058,352.98,630.0,277.02,382.914,UW_LASTD,513088.98,5435650.63,9.179215888305006,49.0735781194201
07TS0005,138.12,630.0,491.88,533.316,UW_GROGH,514022.55,5438881.15,9.19211044873314,49.10261747476394
01TS0615,127.14000000000001,400.0,272.86,311.002,UW_SWPXX,515988.16,5445127.91,9.219287013072151,49.15876128843836
01TS0173,139.68,160.0,20.319999999999993,62.224000000000004,UW_BOEKI,511971.4,5443107.35,9.164135013343014,49.14067713076853
01TS0629,151.73,630.0,478.27,523.789,UW_ROMER,514224.97,5443870.7,9.19505957481223,49.14749566744152
01TS0894,26.25,,,,UW_KETER,516360.0,5442600.0,9.22428431713245,49.13601214022719
02TS0033,521.8760000000002,630.0,108.1239999999998,264.6867999999999,UW_LASTD,512566.77,5435765.28,9.172069322663749,49.07462032908732
01TS0638,21.6,630.0,608.4,614.88,UW_BHOXX,512366.53,5448011.37,9.169703125156671,49.18478254258735
01TS0311,59.4,,,,,,,,
01TS0672,107.798,630.0,522.202,554.5414000000001,,515384.09,5444090.35,9.210962260961214,49.14944354640788
01TS0429,121.75,800.0,678.25,714.775,UW_KETER,516826.59,5444295.51,9.230751695085058,49.151251190319556
01TS0073,132.83,200.0,67.16999999999999,107.01899999999999,UW_SWPXX,516105.18,5445178.7,9.22089403047797,49.159215100766566
01TS0297,159.04,800.0,640.96,688.672,UW_ROMER,514350.27,5444031.47,9.196783464772231,49.14893893161875
01TS0217,99.96,250.0,150.04000000000002,180.02800000000002,UW_KETER,517251.88,5443318.46,9.236542024096563,49.14245052099448
01TS0500,96.894,400.0,303.106,332.1742,UW_KETER,516113.81,5442833.21,9.220918571452971,49.138116448963906
01TS0484,111.60000000000001,,,,UW_BADHN,515504.07,5442283.94,9.212538038929392,49.13319126899396
01TS0428,29.67,630.0,600.33,609.231,UW_BADHN,515171.83,5442814.8,9.208003527796816,49.13797483171061
05TS0023,526.8600000000001,630.0,103.13999999999987,261.1979999999999,UW_GROGH,509754.2,5443920.05,9.133755654051402,49.148026875317925
01TS0791,7.2,1250.0,1242.8,1244.96,,,,,
01TS0485,1.46,,,,,,,,
01TS0289,30.458333333333332,400.0,369.5416666666667,378.6791666666667,UW_KETER,516559.81,5442777.21,9.22703083222359,49.137600849512765
01TS0667,30.458333333333332,630.0,599.5416666666666,608.6791666666667,UW_KETER,516241.88,5442919.98,9.22267787989185,49.13889360111438
01TS0215,26.215000000000003,630.0,603.785,611.6495,UW_KETER,517151.38,5443266.79,9.235161872866769,49.1419885475406
06TS0030,27.75,400.0,372.25,380.575,UW_UGRBH,520558.59,5437393.33,9.281578237663208,49.089050262850215
01TS0787,45.47,3130.0,3084.53,3098.171,UW_SWPXX,516390.96,5445851.28,9.224841063595683,49.1652575906059
07TS0027,96.48,,,,UW_GROGH,514078.0,5438756.0,9.192865752695008,49.10149043307471
02TS0082,397.65999999999997,630.0,232.34000000000003,351.63800000000003,UW_LAUFN,510343.38,5435852.63,9.141628104822928,49.07544745172246
03TS0035,924.3,,,,UW_LASTD,513143.0,5433848.0,9.179896988004668,49.05736146534205
01TS0857,749.36,1600.0,850.64,1075.4479999999999,UW_SWPXX,515338.01,5446808.7,9.210433948876762,49.17389707989079
05TS0069,44.88,630.0,585.12,598.584,UW_GROGH,508899.0,5443619.0,9.12202199931126,49.14533180884517
02TS0061,99.66,500.0,400.34000000000003,430.238,UW_LASTD,512953.72,5435813.88,9.177369129609126,49.07504948840202
01TS0624,96.378,630.0,533.622,562.5354,UW_SONHN,515882.02,5441022.65,9.217669469415986,49.1218358682383
01TS0627,96.378,400.0,303.622,332.5354,UW_SONHN,516150.33,5440823.67,9.22133877186266,49.12003898009346
01TS0765,96.378,630.0,533.622,562.5354,UW_SONHN,516068.62,5441007.19,9.220226261960965,49.12169195009384
03TS0031,185.79,1000.0,814.21,869.947,UW_LASTD,514340.06,5432668.46,9.196240081830293,49.046724232462914
08TS0003,409.79,630.0,220.20999999999998,343.147,UW_GROGH,513734.77,5438350.58,9.188149812129684,49.09785127319928
01TS0282,249.57999999999998,250.0,0.4200000000000159,75.29400000000001,UW_SONHN,515290.97,5440974.2,9.209567113066804,49.12141503076443
04TS0007,759.57,800.0,40.42999999999995,268.30100000000004,UW_LAUFN,510867.6,5431201.52,9.148681203164447,49.03359935764105
01TS0694,519.2399999999999,630.0,110.7600000000001,266.5320000000001,UW_BOEKI,511497.71,5442357.45,9.157619077222087,49.13394055417078
01TS0635,66.47999999999999,630.0,563.52,583.464,UW_BHOXX,512565.31,5447783.54,9.17242380522738,49.18272910572181
01TS0507,57.720000000000006,800.0,742.28,759.596,UW_SWPXX,515468.73,5445497.72,9.212176987622916,49.162101150621965
01TS0151,538.1729999999999,400.0,-138.1729999999999,23.27890000000008,UW_SWPXX,516226.9,5445806.93,9.222588819603043,49.164863009225186
02TS0034,99.36,400.0,300.64,330.448,UW_LAUFN,510371.46,5435494.31,9.14200340517472,49.072223721360224
01TS0361,271.605,400.0,128.39499999999998,209.8765,UW_SWPXX,515799.24,5446136.24,9.216735463799997,49.167836406998624
01TS0681,747.72,400.0,-347.72,-123.404,UW_BHOXX,512078.71,5447720.16,9.165744704401689,49.1821687598317
01TS0414,24.6,400.0,375.4,382.78,UW_BADHN,515837.64,5443667.71,9.21716513711537,49.14563023368899
01TS0666,51.3,630.0,578.7,594.09,UW_BADHN,514971.41,5442924.17,9.205259880662178,49.13896356944187
02TS0045,19.1,400.0,380.9,386.63,UW_LASTD,511428.88,5435738.91,9.156488189114647,49.0744052932393
01TS0724,90.18,800.0,709.8199999999999,736.874,UW_SWPXX,515479.59,5445923.24,9.212342313518697,49.16592855593948
05TS0039,679.845,630.0,-49.84500000000003,154.1085,UW_GROGH,507163.22,5443625.66,9.098221355840694,49.145414416663876
01TS0829,208.38,1000.0,791.62,854.134,UW_SWPXX,515767.73,5444993.38,9.216258440110742,49.15755685171943
01TS0707,329.28999999999996,630.0,300.71000000000004,399.49700000000007,UW_SONHN,512407.79,5439456.57,9.17000585274487,49.107828309169406
05TS0059,12.42,630.0,617.58,621.306,UW_GROGH,508635.15,5444264.37,9.118417962828172,49.15114091413998
05TS0008,248.07000000000002,630.0,381.92999999999995,456.351,UW_GROGH,508954.98,5443751.63,9.122792536373522,49.14652405070047
08TS0016,81.54,250.0,168.45999999999998,192.922,UW_UGRBH,516498.87,5437542.52,9.22598137422142,49.09051452767867
08TS0013,48.24,315.0,266.76,281.23199999999997,UW_UGRBH,514713.18,5438025.28,9.201540919755875,49.09490244350751
06TS0047,8.28,630.0,621.72,624.204,UW_UGRBH,519729.3,5438679.0,9.27028288457887,49.100642484334955
06TS0031,25.74,160.0,134.26,141.982,UW_UGRBH,523552.17,5437317.96,9.322574413554179,49.0882649903991
06TS0012,4.62,630.0,625.38,626.766,UW_UGRBH,519984.97,5438049.34,9.273754260410684,49.09497021202639
08TS0025,99.36,1030.0,930.64,960.448,UW_GROGH,514025.62,5438503.75,9.192139402050525,49.09922253786463
08TS0026,835.7550000000001,400.0,-435.7550000000001,-185.0285,UW_GROGH,513733.36,5438461.25,9.188134259496618,49.09884682713614
08TS0012,172.74,0.0,-172.74,-120.91799999999999,UW_GROGH,513867.89,5438605.99,9.189982154201273,49.10014580480969
05TS0013,20.51,1030.0,1009.49,1015.643,UW_GROGH,508208.76,5443026.48,9.112545462407228,49.140011482597544
05TS0042,83.84,800.0,716.16,741.312,UW_GROGH,508074.89,5443391.81,9.11071737396907,49.14329953838281
08TS0023,28.5,400.0,371.5,380.05,UW_GROGH,513649.44,5438734.71,9.18699388115209,49.10130858026236
05TS0051,44.64,250.0,205.36,218.752,UW_GROGH,509862.84,5444036.71,9.135248245259218,49.14907453861516
05TS0027,45.06999999999999,400.0,354.93,368.451,UW_GROGH,508777.33,5443997.01,9.12036191497069,49.14873389822946
05TS0010,340.525,2230.0,1889.475,1991.6325,UW_GROGH,509221.76,5443810.27,9.126452011952846,49.147047590801506
07TS0016,39.6,630.0,590.4,602.28,UW_GROGH,515301.83,5439364.05,9.209654904138658,49.10693085363948
01TS0582,70.95,400.0,329.05,350.335,UW_BHOXX,510097.98,5448587.78,9.13858690768854,49.190009069016725
01TS0711,26.33,630.0,603.67,611.569,UW_BADHN,515406.86,5442975.07,9.211231857768128,49.13941066491186
01TS0492,1.08,630.0,628.92,629.244,,516086.64,5442211.09,9.22052125077398,49.13252098148323
01TS0855,128.84,250.0,121.16,159.812,UW_KETER,518429.0,5445081.9,9.252762143329928,49.158278990329165
04TS0038,406.34000000000003,630.0,223.65999999999997,345.562,UW_LAUFN,509505.07,5433293.35,9.130089359278351,49.052438979541535
01TS0357,330.81,250.0,-80.81,18.43300000000002,UW_SWPXX,515712.04,5445334.62,9.215507960908072,49.16062783701267
01TS0543,51.41,800.0,748.59,764.013,UW_ROMER,512735.99,5445188.08,9.174683738448534,49.159378626519825
04TS0027,522.57,800.0,277.42999999999995,434.20099999999996,UW_LAUFN,510571.3,5431133.97,9.144625732398355,49.03299686069776
04TS0003,100.47999999999999,400.0,299.52,329.664,UW_LAUFN,510864.8,5432482.17,9.14867722920796,49.04511952552133
01TS0243,6.5,315.0,308.5,310.45,UW_BADHN,515292.35,5442355.29,9.209638395445607,49.13383839311339
01TS0330,273.5516666666667,1030.0,756.4483333333333,838.5138333333333,UW_BOEKI,512032.62,5443383.7,9.16498262400748,49.14316180144052
01TS0727,110.925,630.0,519.075,552.3525,UW_BHOXX,511713.48,5447485.08,9.160726171769344,49.180061229020644
01TS0757,272.97,400.0,127.02999999999997,208.921,UW_SONHN,512113.38,5438917.43,9.165955825950226,49.102984391648846
01TS0668,6.4,400.0,393.6,395.52,UW_KETER,517080.19,5443106.63,9.234179010050367,49.14054984086604
01TS0509,0.78,250.0,249.22,249.454,UW_ROMER,515809.17,5446394.37,9.216881825408061,49.1701581047726
01TS0769,211.44,400.0,188.56,251.99200000000002,UW_BHOXX,511912.71,5447722.28,9.163466916133496,49.18219107641618
01TS0469,287.28,630.0,342.72,428.904,UW_SWPXX,515589.36,5444206.86,9.213781620476395,49.15048641404325
01TS0499,1.428,250.0,248.572,249.0004,UW_SONHN,515067.36,5441112.5,9.206507660563192,49.12266461209156
04TS0032,29.630000000000003,630.0,600.37,609.259,UW_LAUFN,510554.48,5432253.43,9.144424771517185,49.04306728302342
01TS0245,21.6,200.0,178.4,184.88,UW_SWPXX,515749.66,5444680.61,9.215998373492978,49.15474385312346
01TS0019,373.475,630.0,256.525,368.5675,UW_ROMER,514391.27,5443987.06,9.197344102572313,49.14853848950302
01TS0776,113.94999999999999,400.0,286.05,320.235,UW_BOEKI,510589.28,5441453.04,9.145141943248406,49.12582136755472
01TS0362,751.54,630.0,-121.53999999999996,103.92200000000003,UW_SWPXX,515737.36,5446261.67,9.215891500072146,49.16896627610757
02TS0081,385.0,1600.0,1215.0,1330.5,UW_LAUFN,509835.2,5435397.05,9.134658726225497,49.071357620522825
02TS0026,62.5,2430.0,2367.5,2386.25,UW_LAUFN,509988.28,5435517.2,9.136757582748244,49.07243596305915
01TS0566,5.4,160.0,154.6,156.22,UW_BHOXX,509184.65,5447548.73,9.12602845922145,49.18067685856981
01TS0053,210.84999999999997,400.0,189.15000000000003,252.40500000000003,UW_BHOXX,513273.81,5446566.1,9.182105759324408,49.17176295170513
01TS0504,21.27,400.0,378.73,385.111,UW_KETER,516381.29,5445341.79,9.224687682159256,49.16067483746936
01TS0514,90.66,400.0,309.34000000000003,336.538,UW_BHOXX,511128.46,5447602.65,9.152702121479592,49.18112969922677
01TS0879,14.72,800.0,785.28,789.696,UW_BADHN,515026.65,5442849.31,9.206014431784649,49.13828882940023
02TS0067,122.22000000000001,400.0,277.78,314.446,UW_LAUFN,510417.94,5435877.04,9.142649652976159,49.07566577397476
01TS0722,84.02000000000001,400.0,315.98,341.186,UW_BHOXX,510193.73,5447378.84,9.139870343753664,49.179132706020816
01TS0449,43.489999999999995,400.0,356.51,369.557,UW_BHOXX,514663.26,5447247.19,9.201192581869297,49.177857920047764
01TS0172,21.64,800.0,778.36,784.852,UW_BADHN,515472.63,5443076.41,9.212137464873381,49.14032059910565
01TS0332,39.75,250.0,210.25,222.175,UW_BOEKI,511729.22,5443384.74,9.160822669287281,49.143177025574644
01TS0028,56.7,200.0,143.3,160.31,UW_SWPXX,516060.29,5445599.05,9.22029510750087,49.16299745022974
01TS0024,94.94,250.0,155.06,183.542,UW_SWPXX,516058.72,5445410.33,9.220266043340397,49.16129989905076
03TS0007,38.16,100.0,61.84,73.28800000000001,UW_LASTD,514433.29,5433139.63,9.197532692046689,49.050960459410405
02TS0073,97.92,250.0,152.07999999999998,181.45600000000002,UW_LAUFN,510869.1,5436145.14,9.14883443220175,49.078069658518764
01TS0490,1.256,630.0,628.744,629.1208,UW_BHOXX,513090.06,5448047.31,9.179633085971092,49.185090816992485
03TS0011,57.24,50.0,-7.240000000000002,9.932000000000002,UW_LASTD,513490.01,5433493.51,9.184634908743737,49.05416515572679
01TS0501,66.81,630.0,563.19,583.233,UW_KETER,516309.75,5445046.34,9.223694469619597,49.15801908165479
02TS0021,238.38,630.0,391.62,463.134,UW_LASTD,510444.95,5437211.88,9.143053974963358,49.0876728168505
01TS0883,83.5,1000.0,916.5,941.55,UW_BADHN,515730.0,5442880.0,9.215658444006689,49.13854728860223
01TS0660,247.42500000000004,250.0,2.57499999999996,76.80249999999998,UW_SONHN,513492.48,5439885.73,9.184882043921466,49.11166593187897
03TS0019,331.72,630.0,298.28,397.796,UW_LASTD,513732.75,5432310.81,9.187917123347487,49.0435208251264
01TS0096,5.86,630.0,624.14,625.898,UW_BADHN,515989.62,5443018.7,9.219223312127738,49.13978823836039
01TS0491,534.947,2500.0,1965.0529999999999,2125.5371,UW_BHOXX,512179.48,5447897.71,9.16713284806518,49.183763881128534
01TS0620,8.225,630.0,621.775,624.2425,UW_SWPXX,515883.47,5444799.16,9.217838170186567,49.15580679966646
01TS0359,465.14000000000004,600.0,134.85999999999996,274.402,UW_SWPXX,515772.65,5445794.82,9.216357320960844,49.16476591846964
01TS0030,207.92000000000002,200.0,-7.920000000000016,54.45599999999999,UW_SWPXX,515999.31,5446363.3,9.219489050363514,49.16987369304636
03TS0014,24.48,,,,,,,,
02TS0023,27.6,160.0,132.4,140.68,UW_LASTD,512232.03,5436247.64,9.167500536454964,49.07896611965366
01TS0503,2.068,400.0,397.932,398.5524,UW_BHOXX,511929.32,5447746.52,9.163695557755814,49.18240879951936
01TS0365,341.32,400.0,58.68000000000001,161.07600000000002,UW_ROMER,515706.38,5446349.27,9.215469926501992,49.169755057029825
01TS0489,124.573,250.0,125.427,162.7989,UW_BHOXX,511961.28,5447914.95,9.164139125678416,49.183923254226215
02TS0042,75.1,630.0,554.9,577.4300000000001,UW_LAUFN,510024.96,5435651.96,9.137263136393539,49.07364759731676
01TS0398,82.65,250.0,167.35,192.145,UW_SONHN,514600.59,5440644.91,9.200093403456952,49.118469731090904
01TS0356,3.6,1630.0,1626.4,1627.48,UW_SWPXX,515683.46,5445349.13,9.215116522888207,49.16075908973989
01TS0751,81.995,400.0,318.005,342.6035,UW_BHOXX,509733.36,5447434.71,9.133554879492605,49.17964275168597
01TS0220,133.01999999999998,630.0,496.98,536.886,UW_ROMER,515199.98,5446289.53,9.208520607418,49.16923043130419
01TS0351,16.92,315.0,298.08,303.156,UW_SWPXX,515877.37,5444756.84,9.217752842017143,49.15542627603342
03TS0033,24.15,250.0,225.85,233.095,UW_LASTD,514932.31,5433332.46,9.204369299407068,49.05268316642144
01TS0207,23.92,160.0,136.07999999999998,143.256,UW_ROMER,514410.83,5443610.47,9.197598851591167,49.145150478356825
01TS0124,14.25,400.0,385.75,390.025,UW_KETER,517958.51,5441430.87,9.246146514163406,49.12545078387325
01TS0336,22.4,1260.0,1237.6,1244.32,UW_BADHN,515955.91,5442868.19,9.21875518113324,49.138435227356936
01TS0350,7.2,800.0,792.8,794.96,UW_SWPXX,515893.26,5444663.66,9.217967088745704,49.15458768203097
01TS0339,20.814999999999998,630.0,609.185,615.4295,UW_BADHN,515721.39,5442880.73,9.215540430178635,49.1385540756108
03TS0030,54.99,630.0,575.01,591.507,UW_LASTD,514618.37,5432155.63,9.20003015594376,49.042104535405734
01TS0752,52.01,1260.0,1207.99,1223.593,UW_BADHN,515104.38,5444655.84,9.207147827682228,49.15453725360147
03TS0010,27.12,630.0,602.88,611.016,UW_LASTD,512809.55,5432848.45,9.175301241415193,49.04837704554955
01TS0018,40.6,400.0,359.4,371.58,UW_KETER,518630.19,5442423.28,9.255398584810788,49.13435783872873
01TS0363,69.12,800.0,730.88,751.616,UW_SWPXX,515742.95,5445796.43,9.215949984769123,49.16478116345746
04TS0026,73.56,630.0,556.44,578.508,UW_LAUFN,510543.44,5432448.91,9.144278790447332,49.04482591605657
01TS0733,57.6,630.0,572.4,589.68,UW_SWPXX,515753.78,5445543.13,9.21608862710574,49.162502377042834
01TS0331,2.3,400.0,397.7,398.39,UW_BOEKI,511825.63,5443387.31,9.162144644095465,49.14319829493192
03TS0027,4.58,1260.0,1255.42,1256.794,UW_LASTD,513667.86,5432370.71,9.187031202857263,49.04406109797935
02TS0037,25.92,200.0,174.07999999999998,181.856,UW_LASTD,509145.5,5437725.38,9.125268383497849,49.09231266606283
04TS0040,69.44000000000001,160.0,90.55999999999999,111.392,UW_LAUFN,508530.09,5433920.32,9.116758717098474,49.058093164484674
02TS0070,63.0,630.0,567.0,585.9,UW_LASTD,514563.65,5434805.4,9.199376700315975,49.065941776912084
01TS0506,0.6,400.0,399.4,399.58,UW_SWPXX,515462.28,5447527.95,9.212166544097082,49.18036381384326
01TS0716,40.05,400.0,359.95,371.96500000000003,UW_BHOXX,513073.28,5447416.71,9.179382313856436,49.17941874698572
01TS0493,0.22000000000000003,,,,,,,,
01TS0678,432.98,1260.0,827.02,956.914,UW_SWPXX,515900.21,5445756.85,9.218105579549759,49.16442107566155
01TS0643,248.63,630.0,381.37,455.959,UW_SONHN,516139.41,5441169.13,9.221202935834908,49.12314680360676
02TS0087,50.37,,,,UW_LAUFN,511395.9,5435044.6,9.156017059062114,49.068160258775436
03TS0023,13.42,400.0,386.58,390.606,UW_LASTD,514837.29,5432214.16,9.203027866778873,49.04262581068064
01TS0226,38.07,,,,,,,,
01TS0867,47.25,1000.0,952.75,966.925,UW_BADHN,515529.8,5443502.3,9.212937701620316,49.144150178119766
01TS0688,2.72,630.0,627.28,628.096,UW_BHOXX,514602.33,5446739.44,9.200338141698357,49.173292016737875
01TS0229,3.1,400.0,396.9,397.83,UW_SONHN,514881.49,5441133.05,9.2039609702456,49.12285399526765
01TS0170,7.8,630.0,622.2,624.54,UW_KETER,516375.6,5443044.63,9.224516245124327,49.14001131871443
01TS0298,99.9,400.0,300.1,330.07,UW_ROMER,514312.1,5444026.9,9.196259885170626,49.148898713773974
01TS0703,9.954,630.0,620.046,623.0322,UW_KETER,517399.04,5443114.89,9.238550940093445,49.14061519330223
01TS0619,227.0,630.0,403.0,471.1,UW_SWPXX,515563.8,5444534.0,9.213443752943274,49.15342979011795
01TS0460,5.85,2230.0,2224.15,2225.905,UW_KETER,516189.68,5442917.21,9.221962106785814,49.1388700620129
01TS0602,28.8,400.0,371.2,379.84,UW_SWPXX,515905.49,5446061.18,9.218190033428717,49.167158475923145
01TS0814,3.96,1260.0,1256.04,1257.228,UW_BOEKI,513996.2,5443146.19,9.191897422909712,49.14098371021972
02TS0044,1.1,400.0,398.9,399.23,UW_LAUFN,510113.28,5435314.23,9.138463979102555,49.07060811038468
01TS0617,2.25,800.0,797.75,798.425,UW_SWPXX,515722.86,5444416.25,9.215620507001075,49.152366539307444
01TS0210,8.58,1260.0,1251.42,1253.994,UW_KETER,516303.8,5443356.55,9.223544464848949,49.14281905086818
01TS0211,0.0,400.0,400.0,400.0,UW_KETER,516554.0,5443329.57,9.226973867660318,49.1425696646118
01TS0748,0.0,630.0,630.0,630.0,UW_SWPXX,515668.42,5445979.87,9.214934787542152,49.16643316741529
