,Stationsnummer,X-Koordinate,Y-Koordinate,Breitengrad,Längengrad,
01TS0038,01TS0038,514803.7,5442436.6,9.202942665,49.13458177,
01TS0039,01TS0039,514188.06,5441389.99,9.194466135,49.12518166,
01TS0010,01TS0010,514336.99,5440958.32,9.196492064,49.12129518,
01TS0100,01TS0100,514755.45,5446226.56,9.202420063,49.16867485,
01TS0101,01TS0101,514975.09,5443123.95,9.205317757,49.14076057,
01TS0103,01TS0103,515357.33,5441937.54,9.210513269,49.13007897,
01TS0105,01TS0105,517315.03,5442913.93,9.237390491,49.13880987,
01TS0108,01TS0108,517745.65,5442560.21,9.243278699,49.13561575,
01TS0111,01TS0111,515476.42,5444296.96,9.212236313,49.15129975,
01TS0112,01TS0112,515538.34,5444407.8,9.213089725,49.15229523,
01TS0113,01TS0113,515418.99,5444506.13,9.211456759,49.15318274,
01TS0114,01TS0114,515530.84,5444538.05,9.212991895,49.15346706,
01TS0116,01TS0116,515590.52,5444910.1,9.213824753,49.15681225,
01TS0117,01TS0117,513929.51,5443179.76,9.190984223,49.1412872,
01TS0118,01TS0118,512980.51,5443073.81,9.177969364,49.14035493,
01TS0119,01TS0119,512817.42,5443073.48,9.175733318,49.14035539,
01TS0012,01TS0012,516195.86,5443039.97,9.222051768,49.13997417,
01TS0120,01TS0120,513453.28,5443537.81,9.184466737,49.1445186,
01TS0122,01TS0122,514617.05,5440707.79,9.200321256,49.11903497,
01TS0124,01TS0124,517958.51,5441430.87,9.246146514,49.12545078,
01TS0127,01TS0127,517292.23,5442139.45,9.237044682,49.13184381,
01TS0128,01TS0128,513812.22,5444620.06,9.18942548,49.15424583,
01TS0131,01TS0131,513454.15,5440497.43,9.184377218,49.11716925,
01TS0132,01TS0132,515630.02,5445019.24,9.21437073,49.15779299,
01TS0133,01TS0133,513951.28,5441980.24,9.19124119,49.1304966,
01TS0134,01TS0134,514833.42,5443456.59,9.203387631,49.14375622,
01TS0135,01TS0135,514868.4,5443568.37,9.203871379,49.14476087,
01TS0136,01TS0136,514922.37,5444030.18,9.204628502,49.14891369,
01TS0137,01TS0137,514925.5,5444062.68,9.204672627,49.14920596,
01TS0138,01TS0138,514942.54,5444192.2,9.204911099,49.15037062,
01TS0139,01TS0139,514932.45,5444282.53,9.204776082,49.15118342,
01TS0014,01TS0014,516312.4,5443478.53,9.223667318,49.14391607,
01TS0141,01TS0141,515042.14,5444757.75,9.206298055,49.15545549,
01TS0142,01TS0142,515049.67,5444907.04,9.206406905,49.15679822,
01TS0143,01TS0143,515085.23,5445005.77,9.206898308,49.15768545,
01TS0144,01TS0144,515116.27,5445312.44,9.207335543,49.16044328,
01TS0145,01TS0145,515113.87,5445562,9.207311994,49.16268821,
01TS0146,01TS0146,518285.74,5444425.5,9.250767479,49.15237877,
01TS0147,01TS0147,513469.58,5444406.88,9.184719295,49.15233582,
01TS0148,01TS0148,513386.83,5444525.87,9.183588438,49.15340798,
01TS0015,01TS0015,516299.91,5443605.39,9.223501195,49.14505755,
01TS0151,01TS0151,516226.9,5445806.93,9.22258882,49.16486301,
01TS0152,01TS0152,516104.19,5445030.53,9.220874525,49.15788229,
01TS0153,01TS0153,513500.18,5443712.27,9.185115655,49.1460869,
01TS0158,01TS0158,513870.63,5442688.31,9.190160025,49.13686777,
01TS0159,01TS0159,513432.68,5442538.99,9.184150987,49.13553431,
01TS0016,01TS0016,515844.05,5443029.42,9.217227933,49.13988844,
01TS0161,01TS0161,513625.92,5443499.42,9.186832605,49.14416946,
01TS0162,01TS0162,513314.09,5443785.59,9.18256641,49.1467505,
01TS0163,01TS0163,513126.86,5444023.12,9.180006815,49.14889119,
01TS0166,01TS0166,514000.52,5440260.96,9.191856488,49.11502991,
01TS0167,01TS0167,516352.17,5441273.84,9.224123196,49.12408308,
01TS0169,01TS0169,516799.93,5441337.4,9.2302628,49.12464275,
01TS0017,01TS0017,513343.17,5448247.97,9.183113122,49.18689036,
01TS0170,01TS0170,516375.6,5443044.63,9.224516245,49.14001132,
01TS0172,01TS0172,515472.63,5443076.41,9.212137465,49.1403206,
01TS0173,01TS0173,511971.4,5443107.35,9.164135013,49.14067713,
01TS0880,01TS0880_Hundsbergstraße 49-1,517541.06,5443549.43,9.240517015,49.14451998,
01TS0175,01TS0175,510433.6,5440672.72,9.142987941,49.11880474,
01TS0018,01TS0018,518630.19,5442423.28,9.255398585,49.13435784,
01TS0180,01TS0180,513597.64,5444120.21,9.186465798,49.1497543,
01TS0181,01TS0181,515898.49,5442591.19,9.217957035,49.13594501,
01TS0182,01TS0182,515861.25,5442618.57,9.217447582,49.13619226,
01TS0183,01TS0183,516103.97,5441385.13,9.220725831,49.12509073,
01TS0186,01TS0186,518339.16,5442928.11,9.251431905,49.1389077,
01TS0187,01TS0187,518848.4,5442470.29,9.25839216,49.13477405,
01TS0189,01TS0189,515134.08,5440852.79,9.207412351,49.12032679,
01TS0019,01TS0019,514391.27,5443987.06,9.197344103,49.14853849,
01TS0193,01TS0193,515799.43,5443347.6,9.216628655,49.14275172,
01TS0194,01TS0194,515893.94,5443262.21,9.21792112,49.14198117,
01TS0195,01TS0195,515960.7,5443278,9.218837081,49.14212148,
01TS0198,01TS0198,515128.4,5444481.04,9.207470679,49.15296428,
01TS0020,01TS0020,514487.58,5443812.51,9.198658493,49.14696609,
01TS0201,01TS0201,514613.4,5443358.82,9.200367312,49.14288202,
01TS0202,01TS0202,514681.51,5443771.4,9.20131621,49.14659169,
01TS0203,01TS0203,513941.24,5441383.22,9.191082927,49.12512641,
01TS0204,01TS0204,516133.57,5443605.15,9.221220382,49.14505978,
01TS0205,01TS0205,514209.53,5443276.71,9.194826907,49.14215288,
01TS0206,01TS0206,514376.74,5443557.07,9.197129513,49.14467093,
01TS0207,01TS0207,514410.83,5443610.47,9.197598852,49.14515048,
01TS0879,01TS0879_Karlsruher Straße 19-1,515026.65,5442849.31,9.206014432,49.13828883,
01TS0209,01TS0209,514753.69,5442757.32,9.202268825,49.13746796,
01TS0021,01TS0021,513821.24,5440724.01,9.189415594,49.11919928,
01TS0210,01TS0210,516303.8,5443356.55,9.223544465,49.14281905,
01TS0211,01TS0211,516554,5443329.57,9.226973868,49.14256966,
01TS0212,01TS0212,516610.27,5443366.77,9.227746919,49.14290277,
01TS0214,01TS0214,516908.02,5443293.69,9.231826331,49.14223727,
01TS0215,01TS0215,517151.38,5443266.79,9.235161873,49.14198855,
01TS0216,01TS0216,517226.06,5443266.98,9.236185806,49.14198817,
01TS0217,01TS0217,517251.88,5443318.46,9.236542024,49.14245052,
01TS0218,01TS0218,515603.11,5446400.55,9.214055203,49.17021897,
01TS0220,01TS0220,515199.98,5446289.53,9.208520607,49.16923043,
01TS0221,01TS0221,518273.43,5443233.6,9.2505446,49.14165764,
01TS0222,01TS0222,516041.6,5443236.8,9.219944652,49.14174876,
01TS0223,01TS0223,514883.86,5441404.38,9.204003464,49.12529465,
01TS0224,01TS0224,513550.07,5443942.14,9.185807479,49.14815356,
01TS0225,01TS0225,514560.91,5443646.79,9.199658023,49.14547365,
01TS0229,01TS0229,514881.49,5441133.05,9.20396097,49.122854,
01TS0023,01TS0023,515967.58,5445015.67,9.219000297,49.15775219,
01TS0230,01TS0230,514874.53,5441081.56,9.203863681,49.12239099,
01TS0231,01TS0231,514701.73,5440984.06,9.201491823,49.1215181,
01TS0234,01TS0234,517328.27,5444233.73,9.237628772,49.15068151,
01TS0236,01TS0236,513858.96,5442883.63,9.190006751,49.138625,
01TS0237,01TS0237,516127.08,5443109.43,9.221111553,49.14060079,
01TS0238,01TS0238,514150.59,5442324.59,9.193985359,49.13358959,
01TS0239,01TS0239,514144.37,5442358.94,9.193901297,49.13389873,
01TS0024,01TS0024,516058.72,5445410.33,9.220266043,49.1612999,
01TS0242,01TS0242,513946.74,5442351.95,9.191191815,49.13384037,
01TS0243,01TS0243,515292.35,5442355.29,9.209638395,49.13383839,
01TS0245,01TS0245,515749.66,5444680.61,9.215998373,49.15474385,
01TS0247,01TS0247,511796.12,5443162.15,9.161733434,49.14117347,
01TS0248,01TS0248,513852.31,5446293.4,9.19003287,49.16929715,
01TS0250,01TS0250,513162.61,5442921.8,9.18046107,49.13898367,
01TS0251,01TS0251,512557.17,5442765.03,9.172155566,49.13758614,
01TS0252,01TS0252,514217.09,5443890.21,9.19495221,49.14767135,
01TS0253,01TS0253,514049.26,5443408.02,9.192634036,49.14333775,
01TS0255,01TS0255,514443.47,5443288.17,9.19803485,49.14225051,
01TS0256,01TS0256,515434.39,5442679.23,9.21159797,49.13674879,
01TS0257,01TS0257,514715.05,5445929.34,9.201854978,49.16600224,
01TS0258,01TS0258,514704.6,5440924.29,9.201528979,49.12098038,
01TS0260,01TS0260,514182.21,5442933.27,9.194440239,49.13906415,
01TS0265,01TS0265,515343.25,5446697.03,9.210501581,49.17289245,
01TS0266,01TS0266,515326.22,5446917.64,9.210276345,49.17487732,
01TS0268,01TS0268,515727.86,5440068.94,9.215519488,49.11326086,
01TS0269,01TS0269,515336.64,5441450.93,9.210211154,49.12570225,
01TS0027,01TS0027,516020.27,5445712.16,9.219750669,49.16401595,
01TS0270,01TS0270,515851.89,5443462.87,9.217352472,49.14378726,
01TS0271,01TS0271,516075.81,5441790.6,9.220356026,49.12873881,
01TS0272,01TS0272,513672.09,5441588.35,9.187400848,49.12697768,
01TS0273,01TS0273,516467.96,5442258.76,9.225750423,49.13293969,
01TS0275,01TS0275,515473.74,5443941.96,9.212185924,49.14810648,
01TS0276,01TS0276,514472.21,5445041.4,9.198491896,49.15802072,
01TS0277,01TS0277,515956.05,5443380.85,9.218777398,49.14304677,
01TS0278,01TS0278,515103.78,5441315.64,9.207014422,49.12449104,
01TS0279,01TS0279,514754.2,5441275.27,9.202221587,49.12413639,
01TS0028,01TS0028,516060.29,5445599.05,9.220295108,49.16299745,
01TS0280,01TS0280,514865.63,5441310.55,9.203750141,49.12445106,
01TS0281,01TS0281,514985.33,5441031.56,9.205380389,49.12193853,
01TS0282,01TS0282,515290.97,5440974.2,9.209567113,49.12141503,
01TS0283,01TS0283,515370.76,5441097.58,9.210665351,49.12252289,
01TS0284,01TS0284,515457.57,5440822.62,9.21184459,49.12004735,
01TS0285,01TS0285,515390.33,5440718.11,9.210919092,49.11910893,
01TS0288,01TS0288,514703.96,5446206.14,9.201712965,49.1684924,
01TS0289,01TS0289,516559.81,5442777.21,9.227030832,49.13760085,
01TS0029,01TS0029,516039.32,5445958.19,9.220021782,49.16622857,
01TS0290,01TS0290,516380.44,5443151.56,9.224586949,49.14097306,
01TS0292,01TS0292,513308.18,5447945.54,9.182622932,49.18417067,
01TS0294,01TS0294,514274.44,5443662.46,9.195730549,49.14562133,
01TS0295,01TS0295,514291.34,5443708.14,9.1959639,49.14603184,
01TS0296,01TS0296,514361.26,5443723.85,9.196923202,49.14617153,
01TS0297,01TS0297,514350.27,5444031.47,9.196783465,49.14893893,
01TS0298,01TS0298,514312.1,5444026.9,9.196259885,49.14889871,
01TS0299,01TS0299,514359.77,5444087.2,9.196915723,49.14944002,
01TS0030,01TS0030,515999.31,5446363.3,9.21948905,49.16987369,
01TS0300,01TS0300,514323.81,5444174.24,9.196425701,49.15022381,
01TS0302,01TS0302,514333.36,5444262.95,9.196559819,49.15102157,
01TS0303,01TS0303,514499.7,5444256.37,9.198840663,49.15095847,
01TS0304,01TS0304,514967.02,5442009.02,9.205165717,49.13073158,
01TS0306,01TS0306,516281.39,5444731.87,9.223292789,49.15519108,
01TS0308,01TS0308,514569.26,5444620.7,9.199807743,49.15423409,
01TS0309,01TS0309,514941.97,5446142.14,9.204975653,49.16791095,
01TS0312,01TS0312,511008.74,5440612.56,9.150868315,49.11825355,
01TS0313,01TS0313,512172.13,5441798.16,9.166847599,49.12889654,
01TS0315,01TS0315,515199.9,5442748.21,9.20838585,49.13737514,
01TS0317,01TS0317,515294.94,5442863,9.209693165,49.13840535,
01TS0318,01TS0318,516738.42,5443662.46,9.22951628,49.14555912,
01TS0032,01TS0032,515929.2,5446709.15,9.218540936,49.17298654,
01TS0320,01TS0320,513902.26,5440466.35,9.190517063,49.11687971,
01TS0321,01TS0321,516089.6,5443891.23,9.220628904,49.14763432,
01TS0324,01TS0324,516366.96,5444101.84,9.224440734,49.14952149,
01TS0325,01TS0325,512981.96,5447861.48,9.178143652,49.18342152,
01TS0326,01TS0326,513203.85,5443465.55,9.181044288,49.14387401,
01TS0327,01TS0327,516603.13,5444382.59,9.227690888,49.15204058,
01TS0328,01TS0328,514954.98,5441259.41,9.204972879,49.12398887,
01TS0330,01TS0330,512032.62,5443383.7,9.164982624,49.1431618,
01TS0331,01TS0331,511825.63,5443387.31,9.162144644,49.14319829,
01TS0332,01TS0332,511729.22,5443384.74,9.160822669,49.14317703,
01TS0333,01TS0333,513444.75,5441815.12,9.184292318,49.12902258,
01TS0334,01TS0334,514387.05,5445858.83,9.197353117,49.16537575,
01TS0335,01TS0335,515968,5446423.39,9.219061907,49.17041504,
01TS0336,01TS0336,515955.91,5442868.19,9.218755181,49.13843523,
01TS0337,01TS0337,515487.98,5442582.71,9.212328949,49.13587921,
01TS0338,01TS0338,515553.21,5442545.8,9.213221774,49.13554555,
01TS0339,01TS0339,515721.39,5442880.73,9.21554043,49.13855408,
01TS0034,01TS0034,515848.8,5447065.37,9.217451931,49.17619292,
01TS0340,01TS0340,515549.42,5442396.07,9.213164041,49.13419877,
01TS0341,01TS0341,515574.29,5442359.21,9.213503553,49.13386657,
01TS0342,01TS0342,515131.91,5440641.64,9.207374693,49.11842747,
01TS0343,01TS0343,515052.18,5440851.34,9.206289866,49.12031575,
01TS0344,01TS0344,515893.78,5443348.8,9.217922341,49.14276008,
01TS0346,01TS0346,518080.1,5443431.19,9.24790277,49.14344074,
01TS0348,01TS0348,515451.15,5446021.58,9.211955964,49.16681387,
01TS0349,01TS0349,515852.18,5444669.56,9.217403936,49.15464182,
01TS0035,01TS0035,515840.65,5447185.96,9.21734486,49.17727787,
01TS0350,01TS0350,515893.26,5444663.66,9.217967089,49.15458768,
01TS0351,01TS0351,515877.37,5444756.84,9.217752842,49.15542628,
01TS0353,01TS0353,515930.69,5445010,9.218494119,49.15770215,
01TS0354,01TS0354,515720.77,5444977.12,9.215613742,49.15741179,
01TS0356,01TS0356,515683.46,5445349.13,9.215116523,49.16075909,
01TS0357,01TS0357,515712.04,5445334.62,9.215507961,49.16062784,
01TS0359,01TS0359,515772.65,5445794.82,9.216357321,49.16476592,
01TS0036,01TS0036,515812.99,5447555.85,9.216979892,49.18060584,
01TS0360,01TS0360,515820.23,5445968.04,9.217016792,49.16632286,
01TS0361,01TS0361,515799.24,5446136.24,9.216735464,49.16783641,
01TS0362,01TS0362,515737.36,5446261.67,9.2158915,49.16896628,
01TS0363,01TS0363,515742.95,5445796.43,9.215949985,49.16478116,
01TS0364,01TS0364,515844.58,5446267.86,9.21736262,49.1690192,
01TS0365,01TS0365,515706.38,5446349.27,9.215469927,49.16975506,
01TS0369,01TS0369,514206.23,5441428.07,9.194716519,49.12552379,
01TS0037,01TS0037,514061.62,5442694.38,9.192778607,49.13691803,
01TS0371,01TS0371,516105.21,5443394.52,9.220823099,49.14316584,
01TS0372,01TS0372,512992.26,5443685.37,9.17815018,49.14585588,
01TS0373,01TS0373,511285.6,5440867.61,9.154669638,49.1205428,
01TS0374,01TS0374,515340.1,5441805.87,9.210272079,49.12889498,
01TS0375,01TS0375,514754.77,5441567.18,9.202240078,49.12676221,
01TS0377,01TS0377,515671.65,5441456.48,9.21480314,49.12574372,
01TS0378,01TS0378,514286.32,5441066.73,9.195801462,49.12227154,
01TS0379,01TS0379,514431.9,5440692.49,9.197783312,49.11890171,
01TS0038,01TS0038,514802.67,5442418.99,9.202927898,49.13442339,
01TS0380,01TS0380,514340.51,5440545.56,9.196525635,49.11758216,
01TS0382,01TS0382,516293.21,5442377.98,9.223359706,49.13401677,
01TS0383,01TS0383,515831.81,5442462.34,9.217037846,49.13478768,
01TS0386,01TS0386,518316.05,5439895.87,9.250977373,49.11163238,
01TS0388,01TS0388,517059.98,5444408.22,9.233957039,49.15225861,
01TS0389,01TS0389,516753.03,5444602.97,9.229755727,49.1540189,
01TS0039,01TS0039,514633.95,5442189.87,9.200606636,49.13236642,
01TS0391,01TS0391,516394.67,5442063.89,9.224737814,49.13118873,
01TS0392,01TS0392,516339.88,5446364.79,9.224161237,49.16987812,
01TS0393,01TS0393,517209.71,5443553.7,9.23597388,49.14456776,
01TS0395,01TS0395,518389.03,5439928.78,9.251978877,49.11192624,
01TS0396,01TS0396,517313.47,5441806.6,9.237321549,49.12884911,
01TS0397,01TS0397,513665.79,5441972.62,9.187327518,49.13043447,
01TS0398,01TS0398,514600.59,5440644.91,9.200093403,49.11846973,
01TS0399,01TS0399,516390.48,5442558.39,9.224700482,49.13563703,
01TS0004,01TS0004,515182.52,5446117.76,9.208274603,49.16768574,
01TS0040,01TS0040,517931.08,5442357.04,9.245811735,49.13378279,
01TS0400,01TS0400,516363.2,5440645.07,9.224248869,49.11842678,
01TS0401,01TS0401,513104.88,5443309.22,9.179682186,49.14246989,
01TS0404,01TS0404,515117.58,5442424.17,9.207245124,49.13446232,
01TS0405,01TS0405,514983.17,5442753.56,9.205414768,49.13742859,
01TS0406,01TS0406,514840.66,5443010.31,9.203470466,49.1397416,
01TS0407,01TS0407,514738.27,5443115.21,9.20207051,49.14068768,
01TS0408,01TS0408,516279.82,5443090.82,9.223204938,49.14042936,
01TS0409,01TS0409,512299.85,5441026.15,9.168574751,49.12194947,
01TS0041,01TS0041,515237.84,5443270.62,9.208925743,49.14207345,
01TS0410,01TS0410,512090.69,5440899.37,9.165704336,49.12081319,
01TS0414,01TS0414,515837.64,5443667.71,9.217165137,49.14563023,
01TS0416,01TS0416,518159.18,5445677.82,9.249088358,49.1636475,
01TS0417,01TS0417,516955.04,5443902.24,9.232496627,49.14771007,
01TS0418,01TS0418,519815.92,5441596.92,9.27161279,49.12688737,
01TS0419,01TS0419,517144.12,5445227.88,9.235145806,49.15962935,
01TS0042,01TS0042,516163.8,5441613.38,9.22155502,49.12714235,
01TS0420,01TS0420,513474.92,5447997.26,9.184912761,49.18463227,
01TS0423,01TS0423,512939.55,5448039.39,9.177567414,49.18502277,
01TS0424,01TS0424,512794.2,5447979.45,9.175570901,49.18448664,
01TS0425,01TS0425,512579.4,5447984.79,9.172623447,49.18453912,
01TS0426,01TS0426,512319.07,5447842.46,9.169046669,49.1832641,
01TS0427,01TS0427,516650.21,5443951.81,9.228318718,49.14816431,
01TS0428,01TS0428,515171.83,5442814.8,9.208003528,49.13797483,
01TS0429,01TS0429,516826.59,5444295.51,9.230751695,49.15125119,
01TS0043,01TS0043,515410.41,5447021.48,9.211435405,49.17580928,
01TS0431,01TS0431,513460.44,5441544.25,9.184498344,49.12658566,
01TS0432,01TS0432,516185.25,5443789.22,9.221936397,49.14671419,
01TS0435,01TS0435,516986.31,5443698.09,9.232916807,49.14587281,
01TS0436,01TS0436,515505.62,5444018.98,9.212626044,49.14879849,
01TS0438,01TS0438,515682.36,5444028.21,9.215049993,49.14887703,
01TS0440,01TS0440,514722.85,5441555.64,9.20180214,49.12665917,
01TS0441,01TS0441,515165.28,5443134.58,9.207925762,49.14085152,
01TS0444,01TS0444,513504.3,5445642.78,9.185236889,49.16345238,
01TS0445,01TS0445,514571.68,5443180.71,9.199788844,49.14128085,
01TS0446,01TS0446,517870.53,5443309.83,9.245023925,49.1423552,
01TS0448,01TS0448,514812.5,5446590.01,9.203216069,49.17194281,
01TS0449,01TS0449,514663.26,5447247.19,9.201192582,49.17785792,
01TS0045,01TS0045,515603.47,5447325.51,9.214096022,49.17853924,
01TS0450,01TS0450,514660.03,5447253.9,9.201148508,49.17791836,
01TS0451,01TS0451,514605.44,5447802.42,9.200419413,49.18285375,
01TS0453,01TS0453,517216.34,5442901.84,9.236036938,49.13870389,
01TS0454,01TS0454,512017.73,5442929.72,9.164764926,49.13907838,
01TS0457,01TS0457,516579.99,5442829.89,9.22730966,49.13807418,
01TS0458,01TS0458,516472.17,5442877.37,9.225833413,49.13850418,
01TS0459,01TS0459,516074.56,5442994.78,9.220386906,49.13957085,
01TS0046,01TS0046,515544.2,5447577.34,9.213292515,49.18080602,
01TS0460,01TS0460,516189.68,5442917.21,9.221962107,49.13887006,
01TS0461,01TS0461,516021.42,5442980.19,9.219657767,49.139441,
01TS0463,01TS0463,515465.49,5443401.61,9.212052053,49.14324606,
01TS0465,01TS0465,513282.59,5440556.87,9.182028109,49.11770767,
01TS0467,01TS0467,517419.53,5443987.13,9.238869577,49.14846068,
01TS0468,01TS0468,516111.97,5443298.07,9.22091193,49.14229807,
01TS0469,01TS0469,515589.36,5444206.86,9.21378162,49.15048641,
01TS0047,01TS0047,515275.73,5447255.16,9.209596444,49.17791467,
01TS0470,01TS0470,516493.08,5441506.54,9.226064011,49.12617254,
01TS0471,01TS0471,515128.02,5441282.45,9.207345412,49.12419188,
01TS0472,01TS0472,515378.17,5442795.86,9.210831676,49.13779933,
01TS0473,01TS0473,514717.7,5441216.48,9.201719175,49.12360842,
01TS0474,01TS0474,516426.73,5443755.19,9.22524622,49.14640167,
01TS0476,01TS0476,514805.97,5442416.21,9.202973035,49.1343983,
01TS0477,01TS0477,514271.24,5442029.26,9.195628843,49.1309302,
01TS0478,01TS0478,514445.59,5447092.51,9.198200425,49.17647169,
01TS0479,01TS0479,514071.41,5440883.57,9.192849637,49.12062891,
01TS0480,01TS0480,512473.37,5447925.38,9.171166592,49.18400687,
01TS0481,01TS0481,512932.56,5447942.17,9.177468364,49.18414839,
01TS0482,01TS0482,511978.48,5447955.11,9.164376349,49.18428417,
01TS0484,01TS0484,515504.07,5442283.94,9.212538039,49.13319127,
01TS0486,01TS0486,511783.11,5447980.82,9.161696122,49.18451922,
01TS0487,01TS0487,511800.36,5443162.27,9.161791571,49.14117447,
01TS0488,01TS0488,516234.17,5444118.02,9.222620446,49.14967056,
01TS0489,01TS0489,511961.28,5447914.95,9.164139126,49.18392325,
01TS0049,01TS0049,515767.3,5442657.82,9.216161132,49.13654775,
01TS0490,01TS0490,513090.06,5448047.31,9.179633086,49.18509082,
01TS0491,01TS0491,512179.48,5447897.71,9.167132848,49.18376388,
01TS0492,01TS0492,516086.64,5442211.09,9.220521251,49.13252098,
01TS0494,01TS0494,513157.51,5447835.59,9.180551759,49.18318489,
01TS0495,01TS0495,513374.32,5447811.47,9.18352608,49.18296324,
01TS0496,01TS0496,514338.39,5445540.56,9.196674293,49.16251396,
01TS0497,01TS0497,512939.22,5447770.67,9.177554237,49.18260556,
01TS0498,01TS0498,515151.34,5441868.36,9.207687046,49.12946178,
01TS0499,01TS0499,515067.36,5441112.5,9.206507661,49.12266461,
01TS0005,01TS0005,514552.11,5444059.95,9.199552283,49.14919037,
01TS0050,01TS0050,516192.98,5443719.55,9.222039592,49.14608728,
01TS0500,01TS0500,516113.81,5442833.21,9.220918571,49.13811645,
01TS0501,01TS0501,516309.75,5445046.34,9.22369447,49.15801908,
01TS0502,01TS0502,514245.14,5446582.42,9.195432108,49.17188797,
01TS0503,01TS0503,511929.32,5447746.52,9.163695558,49.1824088,
01TS0504,01TS0504,516381.29,5445341.79,9.224687682,49.16067484,
01TS0505,01TS0505,516330.01,5444616.53,9.22395491,49.15415227,
01TS0506,01TS0506,515462.28,5447527.95,9.212166544,49.18036381,
01TS0507,01TS0507,515468.73,5445497.72,9.212176988,49.16210115,
01TS0508,01TS0508,511888.82,5447914.5,9.163144781,49.18392062,
01TS0509,01TS0509,515809.17,5446394.37,9.216881825,49.1701581,
01TS0510,01TS0510,515744.05,5445193.06,9.215941474,49.15935364,
01TS0511,01TS0511,516277.92,5443178.31,9.223182422,49.14121641,
01TS0512,01TS0512,515893.78,5443770.98,9.217938995,49.14655773,
01TS0513,01TS0513,516004.43,5442581.82,9.219409014,49.13585797,
01TS0514,01TS0514,511128.46,5447602.65,9.152702121,49.1811297,
01TS0516,01TS0516,514434.45,5447641.09,9.19806727,49.18140659,
01TS0517,01TS0517,516428.23,5442965.89,9.225234609,49.13930162,
01TS0518,01TS0518,516203.18,5443050.96,9.222152569,49.14007283,
01TS0519,01TS0519,513733.07,5442192.63,9.188257265,49.13241204,
01TS0052,01TS0052,515503.61,5440590.39,9.212466636,49.11795719,
01TS0520,01TS0520,512061.13,5447749.92,9.165504364,49.18243681,
01TS0521,01TS0521,513005.25,5440653.24,9.178230494,49.11858048,
01TS0526,01TS0526,512445.89,5439995.69,9.170544501,49.11267714,
01TS0527,01TS0527,512601.97,5439903.62,9.172680361,49.11184576,
01TS0528,01TS0528,512776.01,5440024.55,9.175068986,49.11292998,
01TS0529,01TS0529,512935.08,5440417.04,9.177261283,49.11645725,
01TS0053,01TS0053,513273.81,5446566.1,9.182105759,49.17176295,
01TS0530,01TS0530,512902.73,5440291.62,9.176813953,49.11532973,
01TS0531,01TS0531,512718.76,5440319.26,9.174293784,49.1155822,
01TS0534,01TS0534,511783.91,5438396.11,9.161426828,49.0983013,
01TS0535,01TS0535,512828.73,5438703.84,9.175749438,49.10104856,
01TS0536,01TS0536,512442,5440513.93,9.170507174,49.11733899,
01TS0537,01TS0537,512547.65,5440543.46,9.17195593,49.11760248,
01TS0054,01TS0054,516053.98,5443088.77,9.220108495,49.14041686,
01TS0540,01TS0540,515942.62,5444926.54,9.218654436,49.15695109,
01TS0541,01TS0541,512869.1,5447909.14,9.176596475,49.18385261,
01TS0542,01TS0542,516138.41,5445287.46,9.22135416,49.16019256,
01TS0543,01TS0543,512735.99,5445188.08,9.174683738,49.15937863,
01TS0545,01TS0545,512918.72,5445445,9.177198251,49.16168589,
01TS0546,01TS0546,512413.05,5445609.9,9.1702674,49.16317965,
01TS0055,01TS0055,514418.59,5446221.51,9.197798756,49.16863743,
01TS0550,01TS0550,512699.94,5445318.32,9.174193397,49.16055092,
01TS0551,01TS0551,513027.67,5445669.09,9.178699898,49.16369934,
01TS0552,01TS0552,512822.88,5445791.61,9.175894721,49.16480576,
01TS0554,01TS0554,512107.08,5445721.81,9.166073854,49.16419243,
01TS0556,01TS0556,512445.02,5445331.96,9.170697331,49.16067884,
01TS0557,01TS0557,512395.64,5445182.42,9.170015428,49.15933468,
01TS0558,01TS0558,512308.9,5444964.94,9.168819081,49.15738012,
01TS0056,01TS0056,516831.98,5443055.35,9.230773799,49.14009541,
01TS0560,01TS0560,509461.73,5447516.92,9.129829693,49.18038651,
01TS0561,01TS0561,515198.7,5440920.09,9.208300497,49.12093058,
01TS0562,01TS0562,507953.94,5447496.9,9.109140109,49.18022782,
01TS0563,01TS0563,508327.22,5447413.29,9.114260335,49.17947077,
01TS0564,01TS0564,508810.26,5447645.59,9.120893349,49.18155364,
01TS0565,01TS0565,508837.14,5447938.34,9.121268627,49.18418663,
01TS0566,01TS0566,509184.65,5447548.73,9.126028459,49.18067686,
01TS0567,01TS0567,507655.35,5447811,9.10504899,49.18305705,
01TS0569,01TS0569,508030.92,5447610.85,9.110198665,49.18125184,
01TS0057,01TS0057,516534.35,5443038.21,9.226692492,49.13994932,
01TS0570,01TS0570,508432.27,5447757.6,9.115708975,49.18256651,
01TS0572,01TS0572,508047.92,5448011.24,9.11043995,49.18485325,
01TS0574,01TS0574,508291.04,5448103.89,9.11377814,49.18568343,
01TS0575,01TS0575,510907.55,5449024.84,9.14970945,49.19392668,
01TS0576,01TS0576,510677.89,5448997.72,9.146556587,49.19368677,
01TS0578,01TS0578,510187.41,5449074.73,9.139826606,49.19438785,
01TS0581,01TS0581,510368.15,5448680.22,9.142297153,49.19083608,
01TS0582,01TS0582,510097.98,5448587.78,9.138586908,49.19000907,
01TS0583,01TS0583,510936.26,5449605.42,9.150119306,49.19914865,
01TS0584,01TS0584,511058.3,5449753.16,9.15179858,49.20047542,
01TS0585,01TS0585,511197.29,5449517.98,9.153699949,49.19835739,
01TS0587,01TS0587,510900.41,5448555.48,9.14959872,49.18970478,
01TS0588,01TS0588,510957.82,5448647.23,9.150389122,49.19052908,
01TS0059,01TS0059,517185.74,5443085.72,9.235625255,49.1403588,
01TS0591,01TS0591,511298.88,5448492.69,9.155065591,49.18913275,
01TS0592,01TS0592,509510.82,5447598.59,9.130505214,49.18112039,
01TS0593,01TS0593,514788.35,5442836.23,9.202746895,49.13817695,
01TS0594,01TS0594,512051.06,5445517.21,9.165299301,49.16235309,
01TS0595,01TS0595,510876.3,5445234.07,9.149178024,49.15982809,
01TS0596,01TS0596,511950.53,5443198.85,9.163851588,49.14150061,
01TS0597,01TS0597,515401.47,5443286.35,9.211169856,49.14221087,
01TS0598,01TS0598,512678.88,5447788.49,9.173982385,49.1827713,
01TS0599,01TS0599,514060.59,5442191.92,9.192746962,49.13239825,
01TS0060,01TS0060,514589.24,5446422.72,9.200147068,49.17044334,
01TS0601,01TS0601,515631.43,5443261.01,9.214321836,49.14197712,
01TS0602,01TS0602,515905.49,5446061.18,9.218190033,49.16715848,
01TS0603,01TS0603,514578.22,5441169.39,9.199805788,49.12318815,
01TS0604,01TS0604,513110.92,5447553.45,9.179903239,49.18064796,
01TS0605,01TS0605,516166.58,5441246.62,9.221578424,49.12384314,
01TS0606,01TS0606,516633.46,5444894.86,9.228127982,49.15664779,
01TS0608,01TS0608,516104.85,5442726.93,9.220791485,49.13716066,
01TS0609,01TS0609,514015.93,5441828.08,9.192122105,49.12912639,
01TS0873,01TS0873,514663.27,5444699.73,9.201099897,49.15494275,
01TS0610,01TS0610,511344.73,5447578.73,9.155669042,49.18091057,
01TS0611,01TS0611,516276.51,5440930.6,9.223072357,49.12099753,
01TS0612,01TS0612,515724.51,5444493.29,9.215646143,49.1530595,
01TS0613,01TS0613,514206.6,5446373.71,9.194896003,49.17001146,
01TS0614,01TS0614,515745.61,5444301.31,9.215928001,49.15133203,
01TS0615,01TS0615,515988.16,5445127.91,9.219287013,49.15876129,
01TS0616,01TS0616,515808.42,5440799.13,9.216652001,49.11982712,
01TS0617,01TS0617,515722.86,5444416.25,9.215620507,49.15236654,
01TS0618,01TS0618,515919.34,5444367.83,9.218313065,49.15192592,
01TS0619,01TS0619,515563.8,5444534,9.213443753,49.15342979,
01TS0062,01TS0062,512024.49,5441015.27,9.164800516,49.12185705,
01TS0620,01TS0620,515883.47,5444799.16,9.21783817,49.1558068,
01TS0622,01TS0622,511191.26,5448497.16,9.153588747,49.18917494,
01TS0623,01TS0623,513371.41,5442058.89,9.183295107,49.13121698,
01TS0624,01TS0624,515882.02,5441022.65,9.217669469,49.12183587,
01TS0625,01TS0625,515556.59,5444185.91,9.21333143,49.15029879,
01TS0626,01TS0626,515810.98,5444660.24,9.216838539,49.15455904,
01TS0627,01TS0627,516150.33,5440823.67,9.221338772,49.12003898,
01TS0628,01TS0628,513624.37,5442409.48,9.186774507,49.1343651,
01TS0629,01TS0629,514224.97,5443870.7,9.195059575,49.14749567,
01TS0063,01TS0063,515934.54,5441728.36,9.218417151,49.12818262,
01TS0630,01TS0630,511639.55,5443295.46,9.159590605,49.14237563,
01TS0631,01TS0631,518120.53,5442584.31,9.248419038,49.1358216,
01TS0632,01TS0632,518163.76,5442384.01,9.249002658,49.13401856,
01TS0634,01TS0634,511668.88,5447665.73,9.160119439,49.18168708,
01TS0635,01TS0635,512565.31,5447783.54,9.172423805,49.18272911,
01TS0636,01TS0636,509952.6,5449273.35,9.136608667,49.19617835,
01TS0637,01TS0637,514163.47,5440645.45,9.194102959,49.11848482,
01TS0638,01TS0638,512366.53,5448011.37,9.169703125,49.18478254,
01TS0639,01TS0639,515921.73,5446503.06,9.218430296,49.17113289,
01TS0640,01TS0640,510058.15,5449168.93,9.13805482,49.19523734,
01TS0641,01TS0641,510010.19,5448975.5,9.13739172,49.19349816,
01TS0643,01TS0643,516139.41,5441169.13,9.221202936,49.1231468,
01TS0644,01TS0644,515135.11,5445856.11,9.207614394,49.16533329,
01TS0645,01TS0645,516069.43,5443715.8,9.220345327,49.1460568,
01TS0646,01TS0646,517452.52,5441359.84,9.239208204,49.12482642,
01TS0648,01TS0648,512133.52,5440207.13,9.166270509,49.11458537,
01TS0065,01TS0065,514525.81,5447039.84,9.199299173,49.17599602,
01TS0650,01TS0650,515351.55,5445065.6,9.21055322,49.15821704,
01TS0651,01TS0651,515545.11,5446327.51,9.213256699,49.16956343,
01TS0653,01TS0653,515581.21,5442755.17,9.213613721,49.13742819,
01TS0654,01TS0654,510984.59,5441249.91,9.150554708,49.1239872,
01TS0655,01TS0655,516105.28,5443367.42,9.220822976,49.14292207,
01TS0656,01TS0656,515997.64,5444536.97,9.219393558,49.15344536,
01TS0657,01TS0657,516117.85,5440769.04,9.220891458,49.11954842,
01TS0658,01TS0658,518434.65,5445147.48,9.252842638,49.15886873,
01TS0659,01TS0659,516005.61,5440853.33,9.21935659,49.12030957,
01TS0066,01TS0066,513838.3,5448213.38,9.189906739,49.18656824,
01TS0660,01TS0660,513492.48,5439885.73,9.184882044,49.11166593,
01TS0661,01TS0661,515021.96,5444611.04,9.206015822,49.15413629,
01TS0662,01TS0662,517789.05,5440309.44,9.243774404,49.11536806,
01TS0664,01TS0664,516657.33,5442413.49,9.228352766,49.13432643,
01TS0665,01TS0665,516055.37,5442440.98,9.220101749,49.13458974,
01TS0666,01TS0666,514971.41,5442924.17,9.205259881,49.13896357,
01TS0667,01TS0667,516241.88,5442919.98,9.22267788,49.1388936,
01TS0668,01TS0668,517080.19,5443106.63,9.23417901,49.14054984,
01TS0669,01TS0669,515710,5443735.69,9.215417606,49.14624501,
01TS0067,01TS0067,514949.17,5441398.55,9.204898404,49.12524062,
01TS0670,01TS0670,517748.03,5442962.72,9.24332905,49.13923639,
01TS0671,01TS0671,517644.92,5442273.49,9.241885235,49.13303952,
01TS0672,01TS0672,515384.09,5444090.35,9.210962261,49.14944355,
01TS0673,01TS0673,510195.78,5449142.05,9.139943195,49.19499327,
01TS0674,01TS0674,515898.86,5445940.85,9.21809433,49.16607624,
01TS0675,01TS0675,515766.68,5446645.28,9.216308754,49.1724162,
01TS0676,01TS0676,515774.23,5443837.8,9.216302328,49.14716188,
01TS0677,01TS0677,515474.35,5447444.91,9.212328967,49.17961654,
01TS0678,01TS0678,515900.21,5445756.85,9.21810558,49.16442108,
01TS0679,01TS0679,509955.63,5447638.42,9.136609759,49.18147162,
01TS0068,01TS0068,514555.64,5442690.82,9.199551233,49.1368745,
01TS0680,01TS0680,515223.41,5445533.54,9.208813432,49.1624295,
01TS0681,01TS0681,512078.71,5447720.16,9.165744704,49.18216876,
01TS0682,01TS0682,517516.38,5442980.25,9.240153873,49.13940073,
01TS0683,01TS0683,515664.02,5444757.53,9.214826866,49.15543796,
01TS0684,01TS0684,507711.36,5448451.95,9.105829869,49.1888219,
01TS0685,01TS0685,511124.92,5447543.71,9.152651916,49.18059958,
01TS0686,01TS0686,515436.86,5447263.67,9.2118076,49.17798718,
01TS0687,01TS0687,516127.5,5444332.14,9.221166257,49.15159945,
01TS0688,01TS0688,514602.33,5446739.44,9.200338142,49.17329202,
01TS0689,01TS0689,515808.69,5442194.96,9.216710412,49.1323831,
01TS0069,01TS0069,514275.33,5442033.41,9.195685055,49.13096744,
01TS0690,01TS0690,515379.11,5444412.34,9.210906265,49.15234007,
01TS0691,01TS0691,515991.96,5442299.9,9.219226877,49.13332233,
01TS0694,01TS0694,511497.71,5442357.45,9.157619077,49.13394055,
01TS0695,01TS0695,516443.46,5441769.77,9.225394627,49.12854171,
01TS0696,01TS0696,519538.6,5442154.46,9.267838679,49.1319115,
01TS0697,01TS0697,511418.66,5440695.81,9.156488362,49.11899494,
01TS0007,01TS0007,516180.28,5442992.07,9.221836238,49.1395437,
01TS0070,01TS0070,513173.79,5443338.24,9.180627961,49.14272946,
01TS0700,01TS0700,515631.67,5442791.68,9.214306923,49.13775533,
01TS0701,01TS0701,519976.65,5440398.5,9.273756515,49.11610199,
01TS0702,01TS0702,515853.6,5447033.68,9.217516539,49.17590773,
01TS0703,01TS0703,517399.04,5443114.89,9.23855094,49.14061519,
01TS0704,01TS0704,513250.35,5448010.3,9.181831492,49.18475446,
01TS0705,01TS0705,513996.89,5444439.35,9.191951812,49.1526161,
01TS0706,01TS0706,514364.45,5444199.22,9.196983894,49.15044757,
01TS0707,01TS0707,512407.79,5439456.57,9.170005853,49.10782831,
01TS0708,01TS0708,512412.42,5440500.86,9.170101405,49.11722202,
01TS0709,01TS0709,516187.36,5443988.91,9.221973354,49.14851041,
01TS0071,01TS0071,513304.9,5443333.31,9.182425459,49.14268228,
01TS0710,01TS0710,510713.97,5449281.44,9.147059357,49.19623828,
01TS0711,01TS0711,515406.86,5442975.07,9.211231858,49.13941066,
01TS0712,01TS0712,512349.18,5440213.05,9.169225952,49.11463433,
01TS0713,01TS0713,512548.39,5445991.36,9.172135718,49.16660825,
01TS0714,01TS0714,512671.46,5444954.07,9.1737913,49.15727497,
01TS0715,01TS0715,507836.01,5447762.95,9.107527119,49.18262255,
01TS0716,01TS0716,513073.28,5447416.71,9.179382314,49.17941875,
01TS0718,01TS0718,512809.76,5440582.4,9.175549165,49.11794736,
01TS0719,01TS0719,510419.07,5448999.44,9.143004277,49.1937067,
01TS0720,01TS0720,512241.24,5444560.68,9.167878825,49.15374502,
01TS0721,01TS0721,513623.12,5440631.48,9.186697315,49.11837136,
01TS0722,01TS0722,510193.73,5447378.84,9.139870344,49.17913271,
01TS0723,01TS0723,511002.18,5440756.93,9.150782351,49.11955233,
01TS0724,01TS0724,515479.59,5445923.24,9.212342314,49.16592856,
01TS0725,01TS0725,511927.54,5445626.01,9.16360826,49.16333419,
01TS0726,01TS0726,517733.56,5444039.95,9.243178076,49.14892683,
01TS0727,01TS0727,511713.48,5447485.08,9.160726172,49.18006123,
01TS0728,01TS0728,512841.23,5442879.81,9.176053593,49.13861276,
01TS0073,01TS0073,516105.18,5445178.7,9.22089403,49.1592151,
01TS0730,01TS0730,515679.15,5443371.67,9.214980424,49.14297132,
01TS0731,01TS0731,518384.58,5445386.03,9.252166798,49.16101606,
01TS0732,01TS0732,515322.37,5445832,9.210182179,49.16511177,
01TS0733,01TS0733,515753.78,5445543.13,9.216088627,49.16250238,
01TS0734,01TS0734,515851.14,5443076.19,9.217326978,49.14030897,
01TS0735,01TS0735,515195.06,5443528.97,9.208348934,49.14439846,
01TS0736,01TS0736,516689.56,5442605.58,9.228802551,49.13605347,
01TS0739,01TS0739,514619.44,5444010.48,9.200473774,49.14874377,
01TS0074,01TS0074,516239.75,5445134.2,9.222737944,49.15881126,
01TS0740,01TS0740,512103.45,5445630.42,9.166021313,49.16337042,
01TS0742,01TS0742,515202.37,5445189.55,9.208511846,49.15933572,
01TS0743,01TS0743,515964.82,5443567.77,9.218905051,49.14472795,
01TS0744,01TS0744,506602.71,5448829.4,9.0906211,49.19223011,
01TS0745,01TS0745,516123.2,5443162.56,9.221060482,49.14107881,
01TS0746,01TS0746,511220.8,5438620.56,9.153719094,49.10033085,
01TS0747,01TS0747,515749.45,5444180.53,9.215975937,49.15024548,
01TS0748,01TS0748,515668.42,5445979.87,9.214934788,49.16643317,
01TS0749,01TS0749,515155.8,5442776.36,9.207782315,49.13762945,
01TS0075,01TS0075,516850.5,5441938.03,9.23098101,49.13004424,
01TS0751,01TS0751,509733.36,5447434.71,9.133554879,49.17964275,
01TS0752,01TS0752,515104.38,5444655.84,9.207147828,49.15453725,
01TS0753,01TS0753,516396.69,5444610.61,9.224869132,49.15409724,
01TS0754,01TS0754,514262.56,5444708.72,9.195604699,49.15503306,
01TS0756,01TS0756,516175.53,5445759.01,9.221882243,49.16443331,
01TS0757,01TS0757,512113.38,5438917.43,9.165955826,49.10298439,
01TS0758,01TS0758,515653.28,5441897.7,9.214568479,49.12971312,
01TS0760,01TS0760,516178.34,5445699.9,9.221918412,49.16390153,
01TS0761,01TS0761,515852.34,5441659.39,9.217287721,49.12756434,
01TS0762,01TS0762,515473.72,5442331.71,9.212123821,49.13362174,
01TS0763,01TS0763,512204.05,5447551.35,9.167459495,49.18064778,
01TS0765,01TS0765,516068.62,5441007.19,9.220226262,49.12169195,
01TS0766,01TS0766,514077.72,5443564.61,9.193029729,49.14474568,
01TS0767,01TS0767,516268.72,5441421.37,9.222985388,49.12541238,
01TS0768,01TS0768,515356.24,5445279.24,9.210625694,49.16013868,
01TS0769,01TS0769,511912.71,5447722.28,9.163466916,49.18219108,
01TS0771,01TS0771,508436.93,5447753.96,9.115772844,49.18253371,
01TS0772,01TS0772,512797.68,5444740.35,9.175515628,49.15534987,
01TS0774,01TS0774,516257.43,5446313.5,9.22302807,49.16941894,
01TS0776,01TS0776,510589.28,5441453.04,9.145141943,49.12582137,
01TS0777,01TS0777,516460.56,5443671.85,9.225706694,49.14565109,
01TS0778,01TS0778,515658.63,5446354.37,9.214815066,49.16980215,
01TS0780,01TS0780,515621.34,5444350.71,9.214225748,49.15177958,
01TS0783,01TS0783,513133.85,5442710.64,9.180059888,49.13708483,
01TS0784,01TS0784,515780.1,5443705,9.216377617,49.14596715,
01TS0785,01TS0785,507542.72,5447614.75,9.103499768,49.18129312,
01TS0786,01TS0786,515946.87,5444769.72,9.218706514,49.15554033,
01TS0787,01TS0787,516390.96,5445851.28,9.224841064,49.16525759,
01TS0789,01TS0789,512258.96,5447340.71,9.168206525,49.17875192,
01TS0079,01TS0079,515993.3,5443866.09,9.2193074,49.14741069,
01TS0790,01TS0790,515208.95,5444664.16,9.208582249,49.15460951,
01TS0792,01TS0792,515683.36,5444102.43,9.215066595,49.14954464,
01TS0793,01TS0793,515900.64,5446663.89,9.218147321,49.17258015,
01TS0794,01TS0794,515914.38,5445529.59,9.218290964,49.16237644,
01TS0795,01TS0795,514682.96,5445372.5,9.20139447,49.16099406,
01TS0797,01TS0797,515250.39,5447417.25,9.209254906,49.17937334,
01TS0798,01TS0798,514749.37,5445697.78,9.202317276,49.16391846,
01TS0799,01TS0799,515008.43,5444391.68,9.205822093,49.1521634,
01TS0008,01TS0008,516931.32,5442221.39,9.232100753,49.13259094,
01TS0080,01TS0080,516763.02,5443800.88,9.22985935,49.14680358,
01TS0800,01TS0800,516603.61,5445238.6,9.227732768,49.15974064,
01TS0801,01TS0801,515389.83,5443651.22,9.211024197,49.14549329,
01TS0802,01TS0802,515543.54,5446899.73,9.21325727,49.17471075,
01TS0803,01TS0803,512648.45,5440557.69,9.173337756,49.11772842,
01TS0804,01TS0804,515668.34,5442302.77,9.214790655,49.13335648,
01TS0805,01TS0805,515721.96,5443660.09,9.215578652,49.14556466,
01TS0806,01TS0806,515629.36,5443458.78,9.214301126,49.14375618,
01TS0807,01TS0807,512895.96,5447648.11,9.176956687,49.18150401,
01TS0809,01TS0809,516154.87,5442057.1,9.221450394,49.131134,
01TS0081,01TS0081,515748.08,5446566.5,9.216050492,49.17170803,
01TS0810,01TS0810,516303.22,5441458.96,9.223459774,49.1257496,
01TS0812,01TS0812,515659.37,5443925.09,9.214730728,49.14795002,
01TS0813,01TS0813,513402.76,5448105.7,9.183926149,49.1856093,
01TS0814,01TS0814,513996.2,5443146.19,9.191897423,49.14098371,
01TS0815,01TS0815,514510.74,5447968.64,9.199125924,49.18435119,
01TS0816,01TS0816,515647.84,5443491.8,9.214555794,49.14405273,
01TS0817,01TS0817,515811.54,5443244.6,9.216790654,49.14182489,
01TS0820,01TS0820,516319.93,5444415.83,9.223808537,49.15234718,
01TS0821,01TS0821,515763.65,5444069.52,9.216166319,49.14924655,
01TS0822,01TS0822,514938,5441530.31,9.204750185,49.12642612,
01TS0824,01TS0824,513827.27,5448227.01,9.189755841,49.18669109,
01TS0825,01TS0825,516511.14,5442134.88,9.226337276,49.13182419,
01TS0826,01TS0826,509842.83,5449208.65,9.135100391,49.19559812,
01TS0827,01TS0827,512944.63,5443928.31,9.177504886,49.14804221,
01TS0828,01TS0828,516066.81,5441456.08,9.220219335,49.12572992,
01TS0829,01TS0829,515767.73,5444993.38,9.21625844,49.15755685,
01TS0083,01TS0083,515550.15,5446638.55,9.213337862,49.17236119,
01TS0830,01TS0830,515160.85,5442733.01,9.207849918,49.13723937,
01TS0831,01TS0831,515258.42,5446488.87,9.209329869,49.1710221,
01TS0834,01TS0834,514628.61,5444238.55,9.200607803,49.15079512,
01TS0835,01TS0835,515164.33,5446028.82,9.208021722,49.16688615,
01TS0836,01TS0836,513087.5,5448049.08,9.179598013,49.18510679,
01TS0837,01TS0837,515989.25,5445445.91,9.219314593,49.16162177,
01TS0838,01TS0838,516794.69,5443315.16,9.230273369,49.14243351,
01TS0843,01TS0843,515758.87,5444075.21,9.216100995,49.14929785,
01TS0845,01TS0845,515872.01,5444316.57,9.21766198,49.15146605,
01TS0846,01TS0846,516956.4,5445768.5,9.232593867,49.1644976,
01TS0851,01TS0851,516398.14,5441227.4,9.224751368,49.12366411,
01TS0852,01TS0852,515594.32,5444407.92,9.213857423,49.15229489,
01TS0857,01TS0857,515338.01,5446808.7,9.210433949,49.17389708,
01TS0858,01TS0858,515282.9,5443639.5,9.209557547,49.14539053,
01TS0086,01TS0086,517112.11,5442397.7,9.234586551,49.1341719,
01TS0863,01TS0863,515906.46,5440827.1,9.217996717,49.12007619,
01TS0864,01TS0864,514172.89,5444702.94,9.194374719,49.15498314,
01TS0865,01TS0865,514755.61,5444602.85,9.202362739,49.15406907,
01TS0869,01TS0869,515464.92,5445954.18,9.212142267,49.16620724,
01TS0087,01TS0087,517951.73,5442802.36,9.246114648,49.13778798,
01TS0088,01TS0088,514477.01,5445182.03,9.198562786,49.15928561,
01TS0089,01TS0089,516095.03,5444793.51,9.220739419,49.15575047,
01TS0090,01TS0090,514033.7,5442574.12,9.192391652,49.13583689,
01TS0092,01TS0092,514896.21,5440739.52,9.204148186,49.11931369,
01TS0094,01TS0094,515857.76,5444359.53,9.217468254,49.15185286,
01TS0095,01TS0095,515316.09,5441683.89,9.209938335,49.12779832,
01TS0096,01TS0096,515989.62,5443018.7,9.219223312,49.13978824,
01TS0098,01TS0098,515936.4,5443054.32,9.218495061,49.14011004,
01TS0099,01TS0099,516000.35,5443105.59,9.219373873,49.14056956,
01TS0,01TS0,515743.25,5447284.97,9.216012349,49.178171,
02TS0002,02TS0002,511627.56,5435988.33,9.159215744,49.07664522,
02TS0003,02TS0003,511192.01,5435889.59,9.153249065,49.07576508,
02TS0004,02TS0004,511012.46,5436492.21,9.150806956,49.08118917,
02TS0005,02TS0005,510757.51,5436832.78,9.147324691,49.08425726,
02TS0006,02TS0006,512132.87,5435924.4,9.166132987,49.07606039,
02TS0007,02TS0007,512238.18,5434910.7,9.167544304,49.0669396,
02TS0008,02TS0008,511374.21,5435521.02,9.155733505,49.07244628,
02TS0009,02TS0009,510771.71,5435365.39,9.147480075,49.07105715,
02TS0010,02TS0010,510169.89,5435510.05,9.139243964,49.07236867,
02TS0011,02TS0011,509844.68,5434932.01,9.134777206,49.06717421,
02TS0012,02TS0012,512077.32,5435964.08,9.16537354,49.07641842,
02TS0014,02TS0014,509526.67,5435461.8,9.130436022,49.07194493,
02TS0019,02TS0019,514780.45,5434796.02,9.202344335,49.06585223,
02TS0020,02TS0020,511897.45,5435965.44,9.162910649,49.07643416,
02TS0021,02TS0021,510444.95,5437211.88,9.143053975,49.08767282,
02TS0022,02TS0022,511628.1,5436333.06,9.159233051,49.07974622,
02TS0023,02TS0023,512232.03,5436247.64,9.167500536,49.07896612,
02TS0025,02TS0025,511557.95,5435410.37,9.158246066,49.07144751,
02TS0026,02TS0026,509988.28,5435517.2,9.136757583,49.07243596,
02TS0028,02TS0028,511294.95,5436276.54,9.154669395,49.079244,
02TS0029,02TS0029,511099.79,5435848.89,9.15198521,49.07540064,
02TS0030,02TS0030,510446.65,5435760.07,9.143039748,49.07461309,
02TS0031,02TS0031,510936.51,5435949.49,9.149752207,49.0763085,
02TS0032,02TS0032,512449.44,5434723.95,9.170430757,49.06525546,
02TS0033,02TS0033,512566.77,5435765.28,9.172069323,49.07462033,
02TS0034,02TS0034,510371.46,5435494.31,9.142003405,49.07222372,
02TS0035,02TS0035,510556.84,5435450.19,9.144540421,49.07182369,
02TS0037,02TS0037,509145.5,5437725.38,9.125268383,49.09231267,
02TS0038,02TS0038,510483.75,5435175.76,9.143532592,49.06935631,
02TS0039,02TS0039,511152.48,5436305.49,9.152719263,49.07950701,
02TS0040,02TS0040,509734.09,5435319.64,9.133272519,49.07066289,
02TS0041,02TS0041,511352.03,5437897.15,9.155496541,49.09382106,
02TS0042,02TS0042,510024.96,5435651.96,9.137263136,49.0736476,
02TS0044,02TS0044,510113.28,5435314.23,9.138463979,49.07060811,
02TS0045,02TS0045,511428.88,5435738.91,9.156488189,49.07440529,
02TS0046,02TS0046,510081.37,5435799.07,9.138039174,49.07497,
02TS0047,02TS0047,512860.53,5434643.93,9.17605594,49.0645272,
02TS0048,02TS0048,510264.1,5434872.38,9.140517686,49.06663096,
02TS0049,02TS0049,510688.03,5435821.37,9.146346429,49.07516037,
02TS0050,02TS0050,511187.42,5435234.18,9.153168089,49.06986944,
02TS0052,02TS0052,514477.55,5435096.09,9.198208397,49.0685587,
02TS0053,02TS0053,512480.16,5436162.54,9.170895688,49.07819563,
02TS0054,02TS0054,511709.62,5435789.93,9.16033364,49.07485897,
02TS0055,02TS0055,512928.11,5435667.3,9.177013781,49.07373147,
02TS0056,02TS0056,512318.97,5435790.07,9.168677115,49.07484833,
02TS0057,02TS0057,513385.35,5435365.5,9.183264366,49.07100687,
02TS0058,02TS0058,513088.98,5435650.63,9.179215888,49.07357812,
02TS0059,02TS0059,512965.19,5435653.82,9.177521052,49.07360943,
02TS0060,02TS0060,510868.48,5435564.96,9.148810352,49.07285068,
02TS0061,02TS0061,512953.72,5435813.88,9.17736913,49.07504949,
02TS0062,02TS0062,511874,5435095.3,9.16256401,49.0686073,
02TS0063,02TS0063,510054.95,5434636.8,9.137648534,49.06451525,
02TS0065,02TS0065,510609.67,5435876.82,9.145274938,49.07566052,
02TS0066,02TS0066,513064.85,5435543.83,9.17888205,49.07261792,
02TS0067,02TS0067,510417.94,5435877.04,9.142649653,49.07566577,
02TS0068,02TS0068,511937.89,5435986.55,9.163465011,49.07662327,
02TS0070,02TS0070,514563.65,5434805.4,9.1993767,49.06594178,
02TS0071,02TS0071,510361.93,5435738.59,9.141879181,49.0744213,
02TS0072,02TS0072,511483.8,5435599.24,9.157236205,49.07314787,
02TS0073,02TS0073,510869.1,5436145.14,9.148834432,49.07806966,
02TS0074,02TS0074,509998.55,5435448.24,9.136896493,49.07181547,
02TS0075,02TS0075,510111.11,5437810.59,9.138496698,49.09306406,
02TS0076,02TS0076,513219.18,5435515.76,9.180994186,49.07236212,
02TS0077,02TS0077,508460.81,5434771.43,9.115828215,49.06575028,
02TS0078,02TS0078,509874.32,5435316.5,9.13519237,49.07063241,
02TS0079,02TS0079,511670.65,5434781.67,9.159770961,49.06578993,
02TS0080,02TS0080,510197.54,5435756.55,9.139628755,49.0745856,
02TS0081,02TS0081,509835.2,5435397.05,9.134658726,49.07135762,
02TS0082,02TS0082,510343.38,5435852.63,9.141628105,49.07544745,
02TS0083,02TS0083,510638.46,5434835.41,9.145641764,49.06629204,
03TS0001,03TS0001,514131.73,5432084.72,9.193368795,49.04147801,
03TS0002,03TS0002,514093.2,5432901.82,9.192870005,49.04882911,
03TS0004,03TS0004,513820.2,5432655.93,9.189125544,49.0466234,
03TS0005,03TS0005,514230.66,5431501.06,9.194701982,49.03622542,
03TS0006,03TS0006,513875.2,5432348.81,9.18986768,49.04385946,
03TS0007,03TS0007,514433.29,5433139.63,9.197532692,49.05096046,
03TS0008,03TS0008,514076.05,5432499.62,9.192621327,49.04521152,
03TS0010,03TS0010,512809.55,5432848.45,9.175301241,49.04837705,
03TS0011,03TS0011,513490.01,5433493.51,9.184634909,49.05416516,
03TS0012,03TS0012,513568.86,5432902.7,9.185694312,49.0488488,
03TS0013,03TS0013,514464.82,5432366.93,9.197936614,49.04400891,
03TS0016,03TS0016,513620.94,5433131.1,9.186414721,49.05090222,
03TS0017,03TS0017,513493.47,5432702.9,9.184655925,49.04705316,
03TS0018,03TS0018,513275.97,5432243.48,9.181664434,49.04292517,
03TS0019,03TS0019,513732.75,5432310.81,9.187917123,49.04352083,
03TS0020,03TS0020,513274.11,5432246.05,9.181639067,49.04294832,
03TS0021,03TS0021,514405.93,5432155.45,9.197123249,49.04210792,
03TS0023,03TS0023,514837.29,5432214.16,9.203027867,49.04262581,
03TS0024,03TS0024,514028.07,5432981.85,9.191981456,49.04955051,
03TS0025,03TS0025,513954.03,5432658.15,9.190957035,49.04664035,
03TS0026,03TS0026,514405.1,5432663.43,9.197129953,49.04667747,
03TS0027,03TS0027,513667.86,5432370.71,9.187031203,49.0440611,
03TS0028,03TS0028,514062.5,5433191.43,9.192459923,49.051435,
03TS0029,03TS0029,512879.36,5431712.9,9.176220505,49.03816074,
03TS0030,03TS0030,514618.37,5432155.63,9.200030156,49.04210454,
03TS0031,03TS0031,514340.06,5432668.46,9.196240082,49.04672423,
03TS0032,03TS0032,514625.24,5433786.05,9.200183032,49.05677079,
03TS0033,03TS0033,514932.31,5433332.46,9.204369299,49.05268317,
03TS0034,03TS0034,515502.56,5432756.44,9.212151856,49.04748751,
04TS0001,04TS0001,510054.85,5431833.03,9.137577554,49.03929392,
04TS0002,04TS0002,510798.28,5433066.13,9.147782519,49.05037371,
04TS0003,04TS0003,510864.8,5432482.17,9.148677229,49.04511953,
04TS0004,04TS0004,510987.63,5432055.72,9.150346502,49.04128121,
04TS0006,04TS0006,510857.89,5431620.27,9.148559577,49.03736641,
04TS0007,04TS0007,510867.6,5431201.52,9.148681203,49.03359936,
04TS0010,04TS0010,510953.27,5432380.8,9.149885135,49.04420608,
04TS0011,04TS0011,511456.62,5433117.44,9.156793811,49.05082338,
04TS0012,04TS0012,510732.48,5431951.25,9.146852466,49.04034594,
04TS0013,04TS0013,510271.23,5431736.21,9.140535755,49.0384194,
04TS0015,04TS0015,510086.04,5432412.66,9.138018744,49.04450748,
04TS0016,04TS0016,510657.14,5431804.83,9.145817742,49.03903012,
04TS0017,04TS0017,510929.18,5431348.4,9.149527645,49.03491953,
04TS0018,04TS0018,510918.93,5431553.99,9.149392948,49.03676911,
04TS0020,04TS0020,510938.6,5432672.46,9.149692265,49.04682998,
04TS0021,04TS0021,510227.53,5431553.06,9.139933211,49.0367726,
04TS0022,04TS0022,510784.17,5431808.17,9.14755593,49.03905796,
04TS0023,04TS0023,509993.49,5433024.76,9.136767381,49.05001515,
04TS0024,04TS0024,510125.14,5431610.99,9.138533761,49.0372954,
04TS0025,04TS0025,510110.31,5431968.12,9.138339765,49.04050822,
04TS0026,04TS0026,510543.44,5432448.91,9.14427879,49.04482592,
04TS0027,04TS0027,510571.3,5431133.97,9.144625732,49.03299686,
04TS0028,04TS0028,510949.99,5431978.16,9.14982937,49.04058419,
04TS0029,04TS0029,510377.38,5432052.85,9.141996252,49.04126597,
04TS0030,04TS0030,510733.28,5432261.59,9.146871632,49.0431376,
04TS0031,04TS0031,510599.02,5432543.04,9.14504182,49.04567171,
04TS0032,04TS0032,510554.48,5432253.43,9.144424772,49.04306728,
04TS0033,04TS0033,510723.06,5431462.28,9.146710635,49.03594756,
04TS0034,04TS0034,509791.12,5431963.21,9.133972169,49.0404692,
04TS0035,04TS0035,509842.18,5431029.78,9.134648158,49.03207169,
04TS0036,04TS0036,510421.85,5431394.62,9.142587818,49.03534409,
04TS0037,04TS0037,510824.6,5431258.55,9.148094439,49.03411313,
04TS0038,04TS0038,509505.07,5433293.35,9.130089359,49.05243898,
04TS0040,04TS0040,508530.09,5433920.32,9.116758717,49.05809316,
05TS0001,05TS0001,508738.75,5443616.42,9.11982462,49.1453109,
05TS0002,05TS0002,509328.73,5443250.61,9.12790586,49.14201163,
05TS0003,05TS0003,509121.3,5443809.52,9.125074456,49.14704234,
05TS0004,05TS0004,509034.15,5443875.44,9.123880906,49.14763661,
05TS0005,05TS0005,508324.52,5443977.53,9.114152225,49.14856497,
05TS0006,05TS0006,508920.24,5445002.41,9.122343878,49.15777577,
05TS0008,05TS0008,508954.98,5443751.63,9.122792536,49.14652405,
05TS0009,05TS0009,509694.19,5443197.77,9.132915384,49.14153065,
05TS0010,05TS0010,509221.76,5443810.27,9.126452012,49.14704759,
05TS0011,05TS0011,509264.24,5443481.2,9.127026944,49.14408685,
05TS0012,05TS0012,508653.16,5444536.44,9.118670788,49.15358803,
05TS0013,05TS0013,508208.76,5443026.48,9.112545462,49.14001148,
05TS0014,05TS0014,509151.96,5444193.39,9.125503597,49.15049494,
05TS0015,05TS0015,508240.4,5443290.91,9.112984666,49.14238971,
05TS0017,05TS0017,511124.91,5443704.24,9.152545657,49.14606229,
05TS0018,05TS0018,509682.43,5444145.17,9.132776913,49.15005305,
05TS0019,05TS0019,509830.29,5444127.89,9.134804117,49.14989526,
05TS0020,05TS0020,508117.86,5443164.1,9.111301961,49.14125063,
05TS0021,05TS0021,508215.05,5444096.67,9.112653521,49.14963816,
05TS0022,05TS0022,508693.23,5443371.73,9.119195178,49.14311047,
05TS0023,05TS0023,509754.2,5443920.05,9.133755654,49.14802688,
05TS0024,05TS0024,508048.44,5443561.29,9.110358096,49.14482442,
05TS0025,05TS0025,509071.09,5443054.31,9.124368959,49.14024969,
05TS0026,05TS0026,509578.8,5442999.58,9.131328585,49.13974967,
05TS0027,05TS0027,508777.33,5443997.01,9.120361915,49.1487339,
05TS0028,05TS0028,509867.77,5444204,9.135319948,49.15057929,
05TS0029,05TS0029,508979.33,5443553.12,9.123122004,49.14473802,
05TS0030,05TS0030,509827.95,5443764.96,9.134763173,49.14663061,
05TS0031,05TS0031,509037.63,5443863.72,9.123928362,49.14753113,
05TS0032,05TS0032,509714.48,5444173.28,9.133217097,49.1503054,
05TS0033,05TS0033,508593.09,5442833.95,9.117810668,49.13827435,
05TS0034,05TS0034,509099.97,5444182.13,9.124790389,49.15039442,
05TS0035,05TS0035,508415.19,5443539.79,9.115386416,49.14462611,
05TS0036,05TS0036,509025.24,5443272.72,9.123745226,49.14221505,
05TS0037,05TS0037,508339.04,5442275.7,9.114316119,49.13325617,
05TS0038,05TS0038,509574.64,5444304.25,9.131302555,49.15148572,
05TS0039,05TS0039,507163.22,5443625.66,9.098221356,49.14541442,
05TS0040,05TS0040,507998.94,5444051.93,9.109689108,49.14923856,
05TS0041,05TS0041,507416.47,5444131.93,9.101703209,49.1499655,
05TS0042,05TS0042,508074.89,5443391.81,9.110717374,49.14329954,
05TS0043,05TS0043,507248.56,5443997.55,9.099398219,49.1487587,
05TS0044,05TS0044,507598.29,5443850.27,9.104191218,49.14742964,
05TS0045,05TS0045,507815.61,5443409.78,9.107162659,49.14346454,
05TS0046,05TS0046,507568.67,5443433.26,9.103777222,49.14367884,
05TS0047,05TS0047,507692.23,5443264.55,9.105468182,49.1421597,
05TS0048,05TS0048,511422.71,5444095.5,9.156640192,49.14957634,
05TS0049,05TS0049,506682.57,5443368.2,9.09162647,49.14310388,
05TS0068,05TS0068_Kolter 2,509250.38,5442049.91,9.126804055,49.13121206,
05TS0051,05TS0051,509862.84,5444036.71,9.135248245,49.14907454,
05TS0052,05TS0052,508923.95,5443857.47,9.122369392,49.14747657,
05TS0071,05TS0071_Boschstraße 8,508912.58,5444325.14,9.12222383,49.1516836,
05TS0054,05TS0054,508982.66,5443933.09,9.123176135,49.14815595,
05TS0055,05TS0055,509635.37,5444314.03,9.132135612,49.15157274,
05TS0056,05TS0056,509033.63,5443981.46,9.123876153,49.1485903,
05TS0057,05TS0057,508419.8,5443179.22,9.115442092,49.14138258,
05TS0058,05TS0058,507537.57,5443726.67,9.103356287,49.14631856,
05TS0059,05TS0059,508635.15,5444264.37,9.118417963,49.15114091,
05TS0060,05TS0060,509245.78,5443986.76,9.126785432,49.14863482,
05TS0061,05TS0061,509428.6,5444028.08,9.129293365,49.14900373,
05TS0062,05TS0062,509424.63,5444024.23,9.129238835,49.14896916,
05TS0063,05TS0063,509291.19,5444154.54,9.127411999,49.15014338,
05TS0064,05TS0064,509711.8,5444242.96,9.133182026,49.15093224,
05TS0065,05TS0065,509419.3,5442763.97,9.129136285,49.13763274,
05TS0066,05TS0066,509453.52,5444361.58,9.129642917,49.1520033,
05TS0067,05TS0067,509750.85,5444451.48,9.133722582,49.15280733,
06TS0001,06TS0001,524120.37,5438373.7,9.330419462,49.0977397,
06TS0002,06TS0002,523192.94,5436950.93,9.31763336,49.08497707,
06TS0003,06TS0003,519804.86,5437998.17,9.271284633,49.09451574,
06TS0004,06TS0004,519843.43,5438286.51,9.271827117,49.09710822,
06TS0005,06TS0005,523706.84,5438205.49,9.324744834,49.09624267,
06TS0041,06TS0041_Entenstraße 1,520169.77,5437178.91,9.276242177,49.08713434,
06TS0042,06TS0042_Entenstraße 2,520169.77,5437178.91,9.276242177,49.08713434,
06TS0007,06TS0007,523059.74,5436954.34,9.315809375,49.08501275,
06TS0008,06TS0008,519957.08,5437940.89,9.273366871,49.09399557,
06TS0009,06TS0009,521035.7,5439125.86,9.288203046,49.10461885,
06TS0010,06TS0010,519887.41,5437056.1,9.27236902,49.08603881,
06TS0011,06TS0011,519898.82,5436754.57,9.272510442,49.08332606,
06TS0012,06TS0012,519984.97,5438049.34,9.27375426,49.09497021,
06TS0013,06TS0013,526007.72,5437291.61,9.356203688,49.08792908,
06TS0014,06TS0014,520733.74,5437078.81,9.283960994,49.08621516,
06TS0015,06TS0015,520103.7,5437430.95,9.275349839,49.0894037,
06TS0017,06TS0017,520180.03,5438065.26,9.276426956,49.09510705,
06TS0018,06TS0018,520058.55,5438296.86,9.274774437,49.09719435,
06TS0019,06TS0019,519352.97,5436455.76,9.265020915,49.08065556,
06TS0020,06TS0020,520905.18,5439146.88,9.286415947,49.10481239,
06TS0021,06TS0021,519487.91,5438811.35,9.26698237,49.10184072,
06TS0022,06TS0022,524079.54,5436943.52,9.32977493,49.08487637,
06TS0023,06TS0023,519833.47,5437523.77,9.27165324,49.09024742,
06TS0024,06TS0024,523227.18,5436619.25,9.318083222,49.08199221,
06TS0025,06TS0025,521264.28,5439848.99,9.291372788,49.11111579,
06TS0026,06TS0026,523907.07,5437491.44,9.327445362,49.08981181,
06TS0027,06TS0027,520295.11,5437727.76,9.277986356,49.09206733,
06TS0028,06TS0028,523604.72,5437151.41,9.323284408,49.0867648,
06TS0029,06TS0029,524640.87,5437002.32,9.337465922,49.08538308,
06TS0030,06TS0030,520558.59,5437393.33,9.281578238,49.08905026,
06TS0031,06TS0031,523552.17,5437317.96,9.322574414,49.08826499,
06TS0044,06TS0044_Schwalbenweg 6-1,520032.08,5437793.33,9.274386873,49.09266578,
06TS0033,06TS0033,521087.68,5437043.54,9.28880651,49.08588587,
06TS0034,06TS0034,524914.34,5436082.33,9.341154438,49.07709645,
06TS0035,06TS0035,523568.92,5436858.69,9.322777042,49.08413306,
06TS0036,06TS0036,523395.14,5437402.63,9.320428641,49.08903262,
06TS0037,06TS0037,526492.59,5436190.69,9.362772224,49.07800529,
06TS0038,06TS0038,519707.81,5437905.78,9.269950763,49.09368778,
06TS0039,06TS0039,519177.9,5438896.19,9.262739341,49.10261363,
07TS0001,07TS0001,515618.24,5438801.35,9.213968336,49.10186119,
07TS0002,07TS0002,516083.07,5438883.83,9.220339697,49.10259115,
07TS0003,07TS0003,514642.69,5438927.61,9.200608065,49.10302095,
07TS0004,07TS0004,515423.34,5438633.82,9.211291847,49.10035911,
07TS0005,07TS0005,514022.55,5438881.15,9.192110449,49.10261747,
07TS0006,07TS0006,514840.68,5438915.05,9.203320092,49.10290322,
07TS0007,07TS0007,515735.31,5438090.79,9.215544492,49.09546644,
07TS0008,07TS0008,514929.06,5438680.86,9.204522249,49.10079445,
07TS0009,07TS0009,515659.94,5438570.59,9.214530671,49.09978436,
07TS0010,07TS0010,515175.34,5438545.91,9.207891095,49.0995745,
07TS0011,07TS0011,515039.43,5438769.07,9.20603755,49.10158525,
07TS0012,07TS0012,516500.39,5438549.93,9.226043336,49.09957654,
07TS0013,07TS0013,515011.17,5439353.83,9.205672133,49.10684608,
07TS0014,07TS0014,514003.87,5438625.53,9.191845669,49.10031849,
07TS0015,07TS0015,513970.7,5438727.36,9.191394782,49.10123525,
07TS0016,07TS0016,515301.83,5439364.05,9.209654904,49.10693085,
07TS0017,07TS0017,514858.3,5439096.05,9.203568147,49.10453096,
07TS0018,07TS0018,514761.03,5438631.79,9.202218526,49.1003571,
07TS0019,07TS0019,515930.56,5438423.73,9.218232163,49.09845634,
07TS0020,07TS0020,516003.01,5439024.92,9.219248466,49.1038624,
07TS0021,07TS0021,515511.98,5439415.67,9.212536194,49.10738993,
07TS0022,07TS0022,515813.91,5439180.52,9.216663824,49.10526698,
07TS0023,07TS0023,515322.77,5438936.59,9.209925587,49.10308516,
07TS0024,07TS0024,515705.52,5438376.04,9.215147517,49.09803314,
07TS0025,07TS0025,515988.32,5438633.21,9.219031701,49.1003392,
08TS0001,08TS0001,513697.83,5438172.87,9.187637756,49.09625352,
08TS0002,08TS0002,513507.93,5438209.2,9.185037667,49.09658452,
08TS0003,08TS0003,513734.77,5438350.58,9.188149812,49.09785127,
08TS0004,08TS0004,513164.91,5438695.98,9.180354715,49.10097075,
08TS0005,08TS0005,514004.33,5436243.31,9.191769422,49.0788894,
08TS0006,08TS0006,514624.65,5437587.99,9.200312418,49.09097095,
08TS0007,08TS0007,514311.74,5436900.77,9.196002212,49.08479647,
08TS0008,08TS0008,513901.9,5438311.41,9.190437931,49.09749517,
08TS0009,08TS0009,513699.9,5438497.23,9.187677112,49.09917123,
08TS0010,08TS0010,513935.51,5438456.26,9.190903338,49.09879739,
08TS0011,08TS0011,513915.38,5438446.65,9.190627247,49.0987114,
08TS0012,08TS0012,513867.89,5438605.99,9.189982154,49.1001458,
08TS0013,08TS0013,514713.18,5438025.28,9.20154092,49.09490244,
08TS0014,08TS0014,514082.06,5437186.63,9.192866675,49.0873732,
08TS0015,08TS0015,515965.16,5436248.44,9.218620216,49.07888782,
08TS0016,08TS0016,516498.87,5437542.52,9.225981374,49.09051453,
08TS0017,08TS0017,513848.04,5436812.07,9.189648744,49.08400918,
08TS0045,08TS0045_Hundsbergstraße 31,514424.26,5437091.63,9.197549998,49.08651071,
08TS0043,08TS0043_Bachstraße 11,513987.4,5437065.5,9.191566036,49.08628574,
08TS0020,08TS0020,514679.66,5436944.15,9.201042495,49.08517803,
08TS0021,08TS0021,514555.89,5435983.94,9.199312871,49.07654346,
08TS0022,08TS0022,514579.05,5437352.45,9.199679346,49.08885325,
08TS0023,08TS0023,513649.44,5438734.71,9.186993881,49.10130858,
08TS0024,08TS0024,513688.23,5438897.22,9.187530799,49.10276956,
08TS0025,08TS0025,514025.62,5438503.75,9.192139402,49.09922254,
08TS0026,08TS0026,513733.36,5438461.25,9.188134259,49.09884683,
08TS0041,08TS0041_Mühläckerring 51,513715.21,5437304.1,9.187846344,49.08843818,
08TS0028,08TS0028,513799.55,5438391.43,9.189038611,49.09821729,
08TS0029,08TS0029,513805.84,5438205.19,9.189118411,49.09654184,
08TS0030,08TS0030,514047.2,5438496.09,9.192434762,49.09915314,
08TS0031,08TS0031,513841,5438229.63,9.189600883,49.0967609,
08TS0032,08TS0032,514314.78,5436635.94,9.196034468,49.08241414,
08TS0033,08TS0033,513650.3,5438918.51,9.187011875,49.10296192,
08TS0034,08TS0034,514247.22,5437410.93,9.195136585,49.08938707,
08TS0035,08TS0035,514518.44,5436927.39,9.19883395,49.08503109,
08TS0036,08TS0036,513771.65,5438864.91,9.188672558,49.10247706,
08TS0037,08TS0037,514152.85,5436102.99,9.193798269,49.07762376,
08TS0040,08TS0040,516957.29,5435896.64,9.232191164,49.0756967,
08TS0042,08TS0042,513977.49,5438516.12,9.191480493,49.09933491,
0TS0???,0TS0???,565221.49,5449675.45,9.895234716,49.19640657,
01TS0013,01TS0013,516245.85,5443236.75,9.222745078,49.14174295,
01TS0652,01TS0652,516241.74,5443240.27,9.222688869,49.14177472,
01TS0759,01TS0759,516939.31,5444260.53,9.232295998,49.15093344,
01TS0775,01TS0775,516262.57,5443124.16,9.222969779,49.14072972,
01TS0782,01TS0782,511982.24,5447587.34,9.164416986,49.1809759,
01TS0808,01TS0808,514639.12,5444870.99,9.20077492,49.15648387,
01TS0839,01TS0839,515055.05,5443559.07,9.206430307,49.14467266,
01TS0840,01TS0840,515201.19,5444096.76,9.20845441,49.14950576,
01TS0841,01TS0841,515232.7,5444016.77,9.20888348,49.14878544,
01TS0842,01TS0842,515318.55,5443840.06,9.210053998,49.14719375,
01TS0860,01TS0860,515004.62,5443780.4,9.205747074,49.14666483,
01TS0876,01TS0876,516035.35,5445957.92,9.219967313,49.16622624,
01TS0698,01TS0698,517745.65,5442560.21,9.243278699,49.13561575,
01TS0781,01TS0781,516092.1,5443713.9,9.220656101,49.14603911,
01TS0853,01TS0853,515960.7,5443278,9.218837081,49.14212148,
01TS0855,01TS0855,518429,5445081.9,9.252762143,49.15827899,
02TS0084,02TS0084,512965.19,5435653.82,9.177521052,49.07360943,
01TS0819,01TS0819_Edison-/Fügerstr.,515556.59,5444185.91,9.21333143,49.15029879,
01TS0849,01TS0849_Experimenta Kunde,515640.4,5443534,9.214455419,49.14443252,
01TS0850,01TS0850_Experimenta Trafo Netz,515673.7,5443539.9,9.214912242,49.14448475,
01TS0866,01TS0866_Festplatz Station B,514840.66,5443010.31,9.203470466,49.1397416,
01TS0867,01TS0867_Parkhaus Experimenta,515529.8,5443502.3,9.212937702,49.14415018,
01TS0871,01TS0871_Badstr.46,515378.17,5442795.86,9.210831676,49.13779933,
01TS0872,01TS0872_Wilhelmstr.27,515990.7,5442511.7,9.219218005,49.13522758,
01TS0788,01TS0788_Hans-Rießer-Str.,516391.2,5445827.1,9.224843371,49.16504008,
01TS0862,01TS0862_Wolffkran Austr. 72,516022.5,5445688.4,9.219780312,49.16380217,
01TS0870,01TS0870_Bildungscampus 17,515802.5,5444167.9,9.216702924,49.15013051,
01TS0856,01TS0856_Schmoller Str.,516387.3,5442074.9,9.224637234,49.13128796,
01TS0874,01TS0874_Langer Ferd.-Braun-Str.4/2,515845.6,5440825.3,9.217162571,49.12006157,
07TS0026,07TS0026_Erlachstraße,516596.4,5438550,9.227358595,49.09957459,
08TS0038,08TS0038_Amsterdamer Str.,513160.1,5440637.8,9.180352122,49.1184383,
08TS0039,08TS0039_SSK Neckarbrücke,514196.6,5441392.2,9.194583265,49.12520135,
01TS0881,01TS0881_Wagner Bruhweg 37,511007,5442192,9.150887571,49.13246126,
01TS0845,01TS0845_HVG Etzelstraße,515872.01,5444316.57,9.21766198,49.15146605,
01TS0878,01TS0878_Parkhotel Gartenstr.1 ,516390,5443284,9.224723409,49.14216415,
02TS0085,02TS0085_Raiffeisenstr.,510732,5436034,9.146954131,49.07707231,
03TS0035,03TS0035_PV Konstener Klinge,513143,5433848,9.179896988,49.05736147,
08TS0044,08TS0044_Lilienweg 20,514799,5437594,9.202700677,49.09102084,
01TS0883,01TS0883_Assenheimer Südstraße,515730,5442880,9.215658444,49.13854729,
01TS0882,01TS0882 Baier u. Schneider Lerchenstr.,516694,5442746,9.228869235,49.13731647,
05TS0069,05TS0069 Gesundheitszentrum Im Brühl 3,508899,5443619,9.122021999,49.14533181,
01TS0884,01TS0884_Theodor-Heuss-Str.49,512090,5440901,9.165694929,49.12082786,
01TS0887,01TS0887_Sontheimer Str.31,515756,5441997,9.215980391,49.13060374,
01TS0888,01TS0888_Inselwiesenstr. 12,515128,5444750,9.207475297,49.15538367,
01TS0886,01TS0886_Schirrmannstr. 9,518822,5442714,9.258041627,49.13696711,
01TS0876,01TS0876_TQM,516033.7,5445957.8,9.219944674,49.16622521,
01TS0889,01TS0889_Audi Pfaffenstr. 33/1,512559,5447672,9.172333735,49.1817259,
01TS0890,01TS0890_Bergstr. 32,515782,5442652,9.216362432,49.13649502,
01TS0893,01TS0893_Wohnanlage Wollhausstr. 42,516498,5442910,9.226188875,49.138797,
01TS0894,01TS0894_JVA Steinstr. 21,516360,5442600,9.224284317,49.13601214,
01TS0896,01TS0896_Kauflan Olgastr. 57,515222.7,5442748.8,9.20869845,49.13737988,
01TS0885,01TS0885_Felsenstr. 1,511635.4,5440728.5,9.159459631,49.11928493,
07TS0027,07TS0027_Beck Stahläcker 5,514078,5438756,9.192865753,49.10149043,
06TS0040,06TS0040_Oberheinrieter Straße 35-1,523554.8,5437376.7,9.322613857,49.08879328,
05TS0070,05TS0070_Eppinger Straße 200,507103.9,5443719.1,9.097409615,49.14625563,
01TS0898,01TS0898_E-Ladestation Charlottenstr. 7,515920,5442065,9.218231141,49.13121119,
01TS0844,01TS0844_SLK-Klinik Saarlandstr.,513937,5444460,9.191131207,49.15280322,
01TS0900,01TS0900_Polizeidirektion Karlstr. 108,517231,5443268,9.236253581,49.1419972,
01TS0899,01TS0899_Wohnpark Cäcilienstr. 10,515615,5442729,9.214075955,49.13719193,
01TS0901,01TS0901_Rahmer Mühle Mühlwiesen 2,513274,5440445,9.18190671,49.11670154,
01TS0903,01TS0903_E-Ladesttion Edisonstr. 1,515535,5444178,9.213035058,49.15022819,
01TS0904,01TS0904_Baustation Bildungscampus,515749,5444051,9.215964702,49.14908033,
01TS0905,01TS0905_Ceres,515819,5442154,9.216850137,49.13201439,
01TS0891,01TS0891_Sinsheimer Str. 1,513398.4,5443656.8,9.183718202,49.14559015,
01TS0906,01TS0906_Baustation Josef-Schwarz-Schule,515404,5443706,9.211220588,49.14598569,
01TS0897,01TS0897_Manfred-Weinmann-Ring 35,514178,5444487,9.194437197,49.15304058,
04TS0041,04TS0041_Ludwig-Jahn-Str.13,510150,5432363.5,9.138892747,49.04406421,
01TS0907,01TS0907_Happelstr. 27,516114,5442174,9.220894826,49.13218663,
01TS0902,01TS0902_E-Ladestation Etzelstr. 34,515721.5,5444485.5,9.21560456,49.1529895,
01TS0892,01TS0892_Ludwigsburger Str. 260,513225,5441396,9.181266393,49.1252572,
05TS0072,05TS0072_Pumpstation Hipperich,511125,5443704,9.152546884,49.14606013,
01TS0909,01TS0909_Bär Pfaffenstr. 7,513120.7,5447821.1,9.18004617,49.18305534,
01TS0914,01TS0914_IM Böllinger Str. 52,514529.8,5447025,9.19935338,49.17586243,
01TS0911,01TS0911_Trithesio Ferd.-Braun-Str_2,515969.3,5440895.8,9.218860647,49.12069255,
01TS0918,01TS0918_BHKW Brüggemann Am Viehweg 1,515500.4,5445510.2,9.212611867,49.16221261,
01TS0917,01TS0917_Wartbergstr.8 Kunde,516623.5,5443720.8,9.227942924,49.14608703,
01TS0923,01TS0923_Baust. Schwarz Olgastr. 87,515168.1,5442566.3,9.207943039,49.13573958,
01TS0908,01TS0908_SLK-Klinik Am Gesundbrunnen,513873.7,5444584,9.190267391,49.15392007,
01TS0924,01TS0924_E-Ladestation Kölle,514697.75,5444773.64,9.201575469,49.15560677,
01TS0922,01TS0922_Kurz Benzstr. 11,515481.6,5447339.8,9.212424399,49.17867087,
05TS0074,05TS0074_Südlink Konverter 1,511043.27,5443535.36,9.151421577,49.14454462,
05TS0075,05TS0075_Südlink Konverter 2,511067.28,5443536.15,9.151750815,49.1445513,
01TS0921,01TS0921_Kalistr.,515198.2,5444540.1,9.208430138,49.15349382,
05TS0076,05TS0076_Lidl Eppinger Str. 22,508731.7,5443792.3,9.119731763,49.14689311,
01TS0925,01TS0925_Altenheim Lauterbachweg 4,515466.98,5442660.74,9.21204405,49.13658165,
01TS0913,01TS0913 Magnolienhof Happelstr.30,516185.2,5442157.7,9.221870192,49.13203813,
06TS0046,06TS0046_Auensteiner Straße,519149.2,5438554.1,9.262329932,49.0995373,
06TS0047,06TS0047 Tannbrunnweg,519729.3,5438679,9.270282885,49.10064248,
06TS0043,06TS0043_Edeka Mühlweg 20,520269.4,5437191.6,9.277607314,49.08724522,
01TS0091,01TS00915_Julius-Picard-Str.,513719.2,5440386.1,9.188005688,49.11616194,
01TS0916,01TS0916_Johanna-Gottschalk-Str.,513746.8,5440206.4,9.188377791,49.11454485,
01TS0926,01TS0926_Parkhaus Erich-Mendelsohn-Str.,515192.2,5443635.2,9.208313724,49.1453541,
01TS0927,01TS0927_Parkhaus Erich-Mendelsohn-Str.Kunde,515192.2,5443635.2,9.208313724,49.1453541,
04TS0039,04TS0039 Wilhelmstr. Süd Kunde,510814,5431307.4,9.147950721,49.03455275,
01TS0920,01TS0920_Kilianstr. 14 Kunde,516147.5,5443107,9.221391423,49.1405784,
08TS0047,08TS0047_Strüber Sontheimer Feld 1,513643.2,5438859.7,9.186912618,49.10243305,
05TS0077,05TS0077_Beos Liebigstr. 6,509088.9,5443944.6,9.124633224,49.14825792,
01TS0928,01TS0928_Bildungscampus Weipertstr. 49/5,515705.9,5444044.3,9.215373419,49.14902117,
01TS0929,01TS0929_Rhein Kreuzenstr.90,516371.9,5445218.4,9.224553871,49.15956516,
02TS0088,02TS0088_Eberbach Im Rieder 6,511092.7,5437812.2,9.151942002,49.09306163,
05TS0073,05TS0073_Balbach Daimlerstr.23,509145.5,5444207,9.125415318,49.15061746,
01TS0930,01TS0930_Parkhaus Edisonstr.,515396.1,5444114.2,9.211127865,49.14965778,
01TS0931,01TS0931_Parkhaus Edisonstr. Kunde,515395.3,5444106.4,9.211116596,49.14958764,
05TS0078,05TS0078 Baustation Rieker,509297.8,5444259.8,9.127505073,49.15109013,
Neue ONS,Neue ONS Heilbronner Straße 14 Talheim,513751.6,5438735.5,9.188393466,49.10131341,
07TS0029,07TS0029 Geislinger Str. 17,515105.7,5438454.1,9.206933651,49.09875034,
01TS0936,01TS0936 Hanselmannstr. 12 Nord,513386.9,5444525.7,9.183589393,49.15340645,
01TS0935,01TS0935 Spedition Fritz Franz-Reichle-Str.2/1,511586.3,5447747.4,9.158988641,49.18242329,
05TS0079,05TS0079 E-Ladestation Eppinger Str.20,508824,5443758.7,9.120996671,49.14658954,
01TS0941,01TS0941 CNH Benzstr. 1,515292.5,5447185,9.209823874,49.17728314,
01TS0939,01TS0939 Waschstraße Gottlieb-Daimler-Str.18,515472.1,5444298.8,9.212177142,49.15131641,
07TS0030,07TS0030_ Kleeäckerweg 5,516041.1,5438229.4,9.219738718,49.09670539,
02TS0090,02TS0090_Schmalzgrube,510460.6,5433988.9,9.14318497,49.05868032,
06TS0048,06TS0048_Kappishalde,520524.7,5438193.1,9.281154697,49.09624562,
01TS0953,01TS0953 Aral Wilhelm-Leuschner-Str. 14,514327.9,5443230,9.196448208,49.14172996,
01TS0933,01TS0933_Helene-Weber-Straße_Netzstation,510438.2,5449523.7,9.14328046,49.19842224,
01TS0950,01TS0950_Wasser- und Schiffartsamt Wohlg,515432.9,5445086.6,9.211669768,49.1584039,
02TS0091,02TS0091_E-Ladestation Bahnhofst. 60,510456.6,5435821.7,9.14317758,49.07516731,
01TS0942,01TS0942_Polizei Karlstr. 110,517293.9,5443265.9,9.237115903,49.14197655,
01TS0954,01TS0954_Baustrom IPAI Grundäckerstr. 1,513395.5,5447636,9.183810871,49.18138437,
01TS0955,01TS0955_Schwarz Olgastr. 85,515152.4,5442582,9.207728396,49.1358812,
01TS0951,01TS0951_Raben Wohlgelegen,515282.9,5444963.5,9.209607786,49.15730033,
01TS0940,01TS0940_Panoramastr. 28_1,510678.5,5449004.9,9.14656515,49.19375135,
01TS0948,01TS0948_Metzger_Einkauf_August_Wankmill,512873.6,5447518.2,9.176645709,49.1803359,
05TS0081,05TS0081_Schacht Südlink,510754.1,5443224.8,9.147448302,49.14175615,
02TS0087,02TS0087_In den Herrenäckern 11,511395.9,5435044.6,9.156017059,49.06816026,
